Date,Open,High,Low,Close,Adj Close,Volume
3/19/2015,44.599998,44.709999,42.75,43.959999,43.959999,106907
3/20/2015,43.990002,46.529999,43.310001,45.720001,45.720001,379180
3/23/2015,46.41,47.610001,45.330002,47.450001,47.450001,292417
3/24/2015,47.459999,48.560001,46.669998,47.509998,47.509998,309553
3/25/2015,47.720001,49.459999,47,49.209999,49.209999,398795
3/26/2015,49.02,52.48,48.73,51.43,51.43,515277
3/27/2015,51.009998,51.380001,48.209999,48.869999,48.869999,384092
3/30/2015,48.57,49.16,47.610001,48.68,48.68,355866
3/31/2015,48.73,48.73,47.279999,47.599998,47.599998,365748
4/1/2015,47.549999,50.450001,47.049999,50.09,50.09,451104
4/2/2015,49.59,50.27,48.110001,49.139999,49.139999,453394
4/6/2015,49.470001,52.240002,49.470001,52.139999,52.139999,325282
4/7/2015,51.950001,54.130001,51.169998,53.98,53.98,548870
4/8/2015,53.18,53.23,50.369999,50.419998,50.419998,552627
4/9/2015,51,52.07,50.509998,50.790001,50.790001,449531
4/10/2015,50.73,51.93,50.080002,51.639999,51.639999,395135
4/13/2015,51.810001,53.099998,51.470001,51.91,51.91,375534
4/14/2015,52.049999,53.790001,51.830002,53.290001,53.290001,431026
4/15/2015,53.549999,56.689999,53.389999,56.389999,56.389999,508904
4/16/2015,55.919998,57.419998,55.07,56.709999,56.709999,413134
4/17/2015,56.560001,56.880001,55.310001,55.740002,55.740002,230623
4/20/2015,56.16,57.169998,54.849998,56.380001,56.380001,112382
4/21/2015,56.41,56.91,55.009998,55.259998,55.259998,354244
4/22/2015,56.34,57.189999,55.73,56.16,56.16,329631
4/23/2015,56.279999,58.41,55.759998,57.740002,57.740002,415569
4/24/2015,57.529999,57.950001,56.5,57.150002,57.150002,328322
4/27/2015,57.299999,57.889999,56.52,56.990002,56.990002,250558
4/28/2015,56.650002,57.830002,56.07,57.060001,57.060001,281864
4/29/2015,56.93,59.330002,56.540001,58.580002,58.580002,411097
4/30/2015,58.549999,59.849998,58.380001,59.630001,59.630001,340322
5/1/2015,59.790001,59.900002,58.32,59.150002,59.150002,244753
5/4/2015,59.299999,59.73,58.450001,58.93,58.93,215046
5/5/2015,58.950001,61.099998,58.630001,60.400002,60.400002,389743
5/6/2015,60.720001,62.580002,60.540001,60.93,60.93,423583
5/7/2015,60.689999,61.310001,58.490002,58.939999,58.939999,437022
5/8/2015,59.02,59.900002,58.139999,59.389999,59.389999,434575
5/11/2015,59.43,59.849998,58.75,59.25,59.25,332694
5/12/2015,59.27,61.360001,59.119999,60.75,60.75,397345
5/13/2015,61.23,61.849998,60.02,60.5,60.5,426835
5/14/2015,60.099998,60.84,59.360001,59.880001,59.880001,361432
5/15/2015,59.669998,59.970001,58.419998,59.689999,59.689999,222089
5/18/2015,59.849998,60.880001,59.060001,59.43,59.43,144389
5/19/2015,59.540001,59.630001,57.09,57.259998,57.259998,336779
5/20/2015,58.32,59.040001,58.099998,58.98,58.98,287129
5/21/2015,58.810001,60.939999,58.689999,60.720001,60.720001,329765
5/22/2015,60.66,60.799999,59.349998,59.720001,59.720001,230307
5/26/2015,60.049999,60.25,57.709999,58.029999,58.029999,330128
5/27/2015,58.32,58.950001,57.360001,57.509998,57.509998,314917
5/28/2015,57.630001,58.07,56.509998,57.68,57.68,340682
5/29/2015,57.970001,60.700001,57.720001,60.299999,60.299999,452222
6/1/2015,60.290001,60.639999,59.330002,60.200001,60.200001,292189
6/2/2015,60.18,61.580002,60.09,61.259998,61.259998,344508
6/3/2015,61.02,61.43,59.34,59.639999,59.639999,371298
6/4/2015,59.57,59.939999,57.830002,58,58,363345
6/5/2015,57.990002,59.23,56.830002,59.130001,59.130001,461016
6/8/2015,58.959999,59.130001,57.860001,58.139999,58.139999,339845
6/9/2015,58.310001,60.68,58.23,60.139999,60.139999,405486
6/10/2015,60.580002,61.82,60.450001,61.43,61.43,459765
6/11/2015,61.139999,61.529999,60.209999,60.77,60.77,352421
6/12/2015,60.549999,60.630001,59.73,59.959999,59.959999,246898
6/15/2015,59.900002,59.98,58.73,59.52,59.52,275187
6/16/2015,59.599998,60.369999,59.419998,59.970001,59.970001,233935
6/17/2015,60.029999,61.380001,58.849998,59.919998,59.919998,396155
6/18/2015,59.779999,60.889999,59.25,60.450001,60.450001,181875
6/19/2015,60.5,60.560001,58.880001,59.610001,59.610001,116656
6/22/2015,59.439999,60.299999,58.93,59.68,59.68,255306
6/23/2015,60.209999,61.490002,59.549999,61.009998,61.009998,336224
6/24/2015,61.139999,61.57,59.799999,60.27,60.27,312985
6/25/2015,60.220001,60.459999,59.43,59.700001,59.700001,222341
6/26/2015,59.66,59.959999,58.759998,59.630001,59.630001,231957
6/29/2015,58.84,59.27,58.040001,58.330002,58.330002,286035
6/30/2015,58.27,59.689999,57.939999,59.470001,59.470001,282475
7/1/2015,58.98,58.98,56.68,56.959999,56.959999,373405
7/2/2015,56.869999,57.950001,56.5,56.93,56.93,297050
7/6/2015,54.900002,55.34,52.41,52.529999,52.529999,540608
7/7/2015,52.75,53.43,50.580002,52.330002,52.330002,527267
7/8/2015,52.91,52.959999,50.91,51.650002,51.650002,434752
7/9/2015,51.830002,53.540001,51.48,52.779999,52.779999,382334
7/10/2015,52.48,53.889999,51.959999,52.740002,52.740002,349075
7/13/2015,52.150002,53.169998,51.259998,52.200001,52.200001,359477
7/14/2015,52,53.43,50.880001,53.040001,53.040001,422756
7/15/2015,53.400002,53.5,51.209999,51.41,51.41,334563
7/16/2015,51.619999,52.169998,50.84,50.91,50.91,319167
7/17/2015,50.91,51.23,50.139999,50.889999,50.889999,203485
7/20/2015,50.759998,51.259998,49.849998,50.150002,50.150002,102597
7/21/2015,49.950001,51.02,49.77,50.360001,50.360001,254321
7/22/2015,50.709999,50.709999,49.040001,49.189999,49.189999,347986
7/23/2015,49.23,49.630001,48.209999,48.450001,48.450001,316060
7/24/2015,48.790001,49.029999,47.720001,48.139999,48.139999,278233
7/27/2015,48,48.200001,46.91,47.389999,47.389999,273614
7/28/2015,47.02,48.439999,46.68,47.98,47.98,338107
7/29/2015,47.810001,49.52,47.389999,48.790001,48.790001,366893
7/30/2015,48.830002,49.360001,48.34,48.52,48.52,247662
7/31/2015,48.470001,48.619999,46.700001,47.119999,47.119999,334474
8/3/2015,46.860001,46.939999,45.080002,45.169998,45.169998,371085
8/4/2015,45.349998,46.23,45.290001,45.740002,45.740002,285786
8/5/2015,45.959999,46.700001,44.830002,45.150002,45.150002,367326
8/6/2015,45.16,45.27,44.200001,44.66,44.66,360977
8/7/2015,44.82,45.16,43.700001,43.869999,43.869999,400070
8/10/2015,43.580002,45.009998,43.349998,44.959999,44.959999,491433
8/11/2015,44.810001,45.34,42.689999,43.080002,43.080002,538005
8/12/2015,43.27,43.869999,42.799999,43.299999,43.299999,492271
8/13/2015,43.34,43.720001,41.91,42.23,42.23,420146
8/14/2015,42.23,42.959999,41.349998,42.5,42.5,317211
8/17/2015,42.18,42.689999,41.639999,41.869999,41.869999,314275
8/18/2015,41.880001,42.900002,41.43,42.619999,42.619999,200185
8/19/2015,42.41,42.68,40.400002,40.799999,40.799999,107578
8/20/2015,40.580002,41.48,40.209999,41.139999,41.139999,380433
8/21/2015,41.029999,41.400002,39.860001,40.450001,40.450001,377181
8/24/2015,40.299999,40.470001,37.75,38.240002,38.240002,468366
8/25/2015,38.18,39.889999,38.16,39.310001,39.310001,375650
8/26/2015,39.689999,39.860001,38.52,38.599998,38.599998,368722
8/27/2015,38.959999,42.860001,38.950001,42.560001,42.560001,533682
8/28/2015,42.68,45.900002,41.779999,45.220001,45.220001,666328
8/31/2015,45,49.330002,43.599998,49.200001,49.200001,757503
9/1/2015,48.099998,48.869999,44.150002,45.41,45.41,713418
9/2/2015,44.259998,46.77,43.209999,46.25,46.25,689301
9/3/2015,46.110001,48.419998,45.650002,46.75,46.75,539450
9/4/2015,46.68,47.23,45.610001,46.049999,46.049999,385631
9/8/2015,45.82,46.41,44.139999,45.939999,45.939999,508815
9/9/2015,45.790001,46.259998,44.049999,44.150002,44.150002,422735
9/10/2015,44.16,46.040001,43.360001,45.919998,45.919998,498992
9/11/2015,45.709999,45.880001,44.16,44.630001,44.630001,395838
9/14/2015,44.779999,44.970001,43.59,44,44,326269
9/15/2015,44.110001,45.25,43.919998,44.59,44.59,335953
9/16/2015,45.16,47.349998,44.82,47.150002,47.150002,421981
9/17/2015,47.130001,47.709999,46.330002,46.900002,46.900002,366390
9/18/2015,46.889999,47.029999,44.240002,44.68,44.68,211301
9/21/2015,44.970001,46.740002,44.689999,46.68,46.68,104528
9/22/2015,46.450001,46.48,45.139999,45.830002,45.830002,345875
9/23/2015,46.540001,47.150002,44.41,44.48,44.48,411957
9/24/2015,44.619999,45.18,43.709999,44.91,44.91,371976
9/25/2015,45.049999,46.380001,44.860001,45.700001,45.700001,338622
9/28/2015,45.380001,45.5,44.299999,44.43,44.43,273906
9/29/2015,44.5,45.700001,44.299999,45.23,45.23,265176
9/30/2015,44.919998,45.849998,44.68,45.09,45.09,355853
10/1/2015,45.380001,47.099998,44.630001,44.740002,44.740002,478979
10/2/2015,45.07,45.810001,43.970001,45.540001,45.540001,420740
10/5/2015,45.650002,46.939999,45.209999,46.259998,46.259998,323061
10/6/2015,46.200001,49.080002,45.73,48.529999,48.529999,453101
10/7/2015,49,49.709999,47.700001,47.810001,47.810001,547488
10/8/2015,48.110001,50.07,47.759998,49.43,49.43,509760
10/9/2015,49.689999,50.919998,49.169998,49.630001,49.630001,508680
10/12/2015,49.509998,50.130001,47.040001,47.099998,47.099998,408663
10/13/2015,47.459999,48.43,46.439999,46.66,46.66,465388
10/14/2015,46.689999,46.959999,45.939999,46.639999,46.639999,348241
10/15/2015,46.279999,47.02,45.23,46.380001,46.380001,370940
10/16/2015,46.869999,47.5,46.16,47.259998,47.259998,198127
10/19/2015,47.27,47.490002,45.849998,45.889999,45.889999,125840
10/20/2015,46.25,46.52,45.23,45.549999,45.549999,361314
10/21/2015,45.880001,46.080002,44.860001,45.200001,45.200001,384288
10/22/2015,45.27,46.099998,44.900002,45.380001,45.380001,322742
10/23/2015,45.439999,45.75,44.200001,44.599998,44.599998,406577
10/26/2015,44.740002,44.939999,43.639999,43.98,43.98,302084
10/27/2015,43.779999,43.91,42.580002,43.200001,43.200001,370825
10/28/2015,43.439999,46.220001,43.060001,45.939999,45.939999,521518
10/29/2015,46.060001,46.790001,45.16,46.060001,46.060001,436513
10/30/2015,45.740002,47.029999,45.48,46.59,46.59,363307
11/2/2015,46.43,46.73,45.560001,46.139999,46.139999,305518
11/3/2015,46.110001,48.360001,45.959999,47.900002,47.900002,434574
11/4/2015,47.740002,48.279999,46.169998,46.32,46.32,459307
11/5/2015,46.57,46.650002,45.119999,45.200001,45.200001,437646
11/6/2015,45.41,45.639999,44.110001,44.290001,44.290001,448133
11/9/2015,44.52,45.119999,43.639999,43.869999,43.869999,487992
11/10/2015,44.099998,44.759998,43.57,44.209999,44.209999,445973
11/11/2015,43.630001,44.110001,42.619999,42.93,42.93,502371
11/12/2015,43.049999,43.330002,41.540001,41.75,41.75,545351
11/13/2015,41.610001,42.84,40.220001,40.740002,40.740002,480893
11/16/2015,40.919998,42.25,40.060001,41.740002,41.740002,535179
11/17/2015,41.959999,42.029999,40.580002,40.669998,40.669998,363714
11/18/2015,41.110001,41.549999,39.91,40.75,40.75,251518
11/19/2015,40.720001,41.049999,39.889999,40.540001,40.540001,131356
11/20/2015,40.540001,40.990002,38.990002,40.389999,40.389999,432642
11/23/2015,41.490002,42.75,40.41,41.75,41.75,516190
11/24/2015,42.040001,43.459999,41.860001,42.869999,42.869999,430304
11/25/2015,42.689999,43.25,41.720001,43.040001,43.040001,383158
11/27/2015,43.25,43.299999,41.669998,41.709999,41.709999,316475
11/30/2015,41.77,42.610001,41.5,41.650002,41.650002,369509
12/1/2015,41.73,42.23,41.169998,41.849998,41.849998,415537
12/2/2015,41.689999,41.970001,39.84,39.939999,39.939999,545289
12/3/2015,40.150002,41.779999,40.07,41.080002,41.080002,496884
12/4/2015,41.310001,42,39.599998,39.970001,39.970001,510758
12/7/2015,40.099998,40.150002,37.5,37.650002,37.650002,635413
12/8/2015,37.68,38.580002,36.639999,37.509998,37.509998,767184
12/9/2015,37.860001,38.990002,36.869999,37.16,37.16,646166
12/10/2015,37.27,37.540001,36.380001,36.759998,36.759998,513940
12/11/2015,36.630001,36.84,35.16,35.619999,35.619999,505406
12/14/2015,35.400002,36.700001,34.529999,36.310001,36.310001,550476
12/15/2015,36.32,37.880001,36.029999,37.349998,37.349998,474159
12/16/2015,36.790001,37.349998,35.290001,35.52,35.52,402967
12/17/2015,35.799999,35.84,34.630001,34.950001,34.950001,196227
12/18/2015,34.869999,35.57,34.290001,34.73,34.73,116038
12/21/2015,34.580002,34.860001,33.98,34.740002,34.740002,298080
12/22/2015,35.799999,36.540001,35.66,36.139999,36.139999,302263
12/23/2015,36.470001,37.950001,36.279999,37.5,37.5,374658
12/24/2015,37.860001,38.279999,37.380001,38.099998,38.099998,205873
12/28/2015,38,38.09,36.599998,36.810001,36.810001,220644
12/29/2015,36.700001,37.939999,36.66,37.869999,37.869999,241945
12/30/2015,37.360001,37.400002,36.400002,36.599998,36.599998,267912
12/31/2015,36.810001,37.790001,36.220001,37.040001,37.040001,283623
1/4/2016,37.599998,38.389999,36.330002,36.759998,36.759998,431985
1/5/2016,36.900002,37.099998,35.740002,35.970001,35.970001,410131
1/6/2016,36.18,36.389999,33.77,33.970001,33.970001,563811
1/7/2016,34.09,34.259998,32.099998,33.27,33.27,617409
1/8/2016,33.299999,34.34,32.639999,33.16,33.16,596496
1/11/2016,32.939999,33.200001,30.879999,31.41,31.41,648640
1/12/2016,31.110001,32.209999,29.93,30.440001,30.440001,627218
1/13/2016,30.540001,31.709999,30.1,30.48,30.48,637903
1/14/2016,30.6,31.77,30.280001,31.200001,31.200001,537906
1/15/2016,31.18,31.18,29.129999,29.42,29.42,329094
1/18/2016,null,null,null,null,null,null
1/19/2016,29.200001,30.209999,28.209999,28.459999,28.459999,188026
1/20/2016,28.33,28.58,26.190001,26.549999,26.549999,690039
1/21/2016,28.35,30.25,27.870001,29.530001,29.530001,694040
1/22/2016,29.84,32.349998,29.530001,32.189999,32.189999,636573
1/25/2016,32.049999,32.740002,29.68,30.34,30.34,606892
1/26/2016,29.809999,32.41,29.25,31.450001,31.450001,642432
1/27/2016,30.549999,32.84,30.139999,32.299999,32.299999,738551
1/28/2016,32.189999,34.82,31.74,33.220001,33.220001,833378
1/29/2016,33.700001,34.400002,32.650002,33.619999,33.619999,618110
2/1/2016,33.830002,34.18,31.290001,31.620001,31.620001,595612
2/2/2016,31.370001,31.530001,29.57,29.879999,29.879999,602564
2/3/2016,29.75,32.75,29.4,32.279999,32.279999,811699
2/4/2016,32.709999,33.599998,31.530001,31.719999,31.719999,696721
2/5/2016,31.639999,32.450001,30.629999,30.889999,30.889999,616531
2/8/2016,30.969999,31.379999,29.57,29.690001,29.690001,603646
2/9/2016,30.17,30.610001,27.74,27.940001,27.940001,738219
2/10/2016,28.360001,29.219999,27.24,27.450001,27.450001,781280
2/11/2016,27.34,27.48,26.049999,26.209999,26.209999,795965
2/12/2016,27.299999,29.66,26.950001,29.440001,29.440001,675157
2/15/2016,null,null,null,null,null,null
2/16/2016,29.08,31.530001,28.700001,29.040001,29.040001,651956
2/17/2016,29.139999,31.49,28.73,30.66,30.66,578639
2/18/2016,31.35,31.98,30.27,30.77,30.77,225497
2/19/2016,30.6,30.73,29.049999,29.639999,29.639999,103202
2/22/2016,29.719999,32.049999,29.48,31.48,31.48,521016
2/23/2016,33.34,33.529999,31.219999,31.870001,31.870001,539379
2/24/2016,31.280001,32.400002,30.559999,32.150002,32.150002,652245
2/25/2016,32.189999,33.490002,31.07,33.07,33.07,611874
2/26/2016,33.040001,34.689999,32.639999,32.779999,32.779999,646294
2/29/2016,32.720001,33.98,32.32,33.75,33.75,512468
3/1/2016,33.900002,34.759998,33.369999,34.400002,34.400002,566226
3/2/2016,33.889999,35.169998,33.549999,34.66,34.66,597834
3/3/2016,34.73,35.32,34.189999,34.57,34.57,512962
3/4/2016,34.66,36.34,34.400002,35.919998,35.919998,578290
3/7/2016,36.200001,38.110001,36.09,37.900002,37.900002,709870
3/8/2016,37.939999,38.389999,36.119999,36.5,36.5,706933
3/9/2016,36.360001,38.509998,36.240002,38.290001,38.290001,740632
3/10/2016,38.169998,38.48,37.209999,37.84,37.84,701435
3/11/2016,37.990002,39.02,37.919998,38.5,38.5,564791
3/14/2016,38.169998,38.77,36.68,37.18,37.18,489938
3/15/2016,37.369999,37.400002,35.959999,36.34,36.34,446100
3/16/2016,36.740002,38.630001,36.610001,38.459999,38.459999,494174
3/17/2016,38.59,40.360001,38.470001,40.200001,40.200001,298013
3/18/2016,40.25,41.200001,39.150002,39.439999,39.439999,130151
3/21/2016,39.060001,40.299999,38.610001,39.91,39.91,479337
3/22/2016,41.59,41.900002,40.77,41.450001,41.450001,463693
3/23/2016,41.189999,41.34,39.669998,39.790001,39.790001,492003
3/24/2016,39.73,39.77,38.330002,39.459999,39.459999,495168
3/28/2016,39.549999,40.139999,38.860001,39.389999,39.389999,299775
3/29/2016,39.32,39.48,37.91,38.279999,38.279999,488032
3/30/2016,38.52,39.849998,38.139999,38.32,38.32,542469
3/31/2016,38.299999,39.040001,37.57,38.34,38.34,532152
4/1/2016,38.139999,38.560001,36.630001,36.790001,36.790001,547190
4/4/2016,36.610001,37.209999,35.459999,35.700001,35.700001,549477
4/5/2016,35.5,36.580002,35.240002,35.889999,35.889999,485543
4/6/2016,36.52,37.900002,36.43,37.75,37.75,751048
4/7/2016,37.759998,38.299999,36.689999,37.259998,37.259998,626749
4/8/2016,37.52,39.84,37.450001,39.720001,39.720001,817230
4/11/2016,39.720001,40.75,39.25,40.360001,40.360001,679351
4/12/2016,40.349998,42.25,40.09,42.169998,42.169998,796837
4/13/2016,41.630001,42.419998,41.240002,41.759998,41.759998,730437
4/14/2016,41.540001,42.16,40.84,41.5,41.5,488614
4/15/2016,41.43,41.73,39.98,40.360001,40.360001,520146
4/18/2016,38.75,40.240002,37.610001,39.779999,39.779999,342463
4/19/2016,40.040001,41.529999,39.580002,41.080002,41.080002,101734
4/20/2016,40.799999,42.91,39.849998,42.630001,42.630001,796240
4/21/2016,43.970001,44.490002,43.049999,43.18,43.18,671103
4/22/2016,43.419998,44.450001,43.110001,43.73,43.73,575107
4/25/2016,43.75,44.040001,42.580002,42.639999,42.639999,606383
4/26/2016,42.959999,44.830002,42.5,44.040001,44.040001,564392
4/27/2016,44.639999,45.619999,43.77,45.330002,45.330002,648028
4/28/2016,45.299999,46.139999,44.939999,46.029999,46.029999,487412
4/29/2016,45.900002,46.779999,45.240002,45.919998,45.919998,598439
5/2/2016,45.900002,46.150002,44.540001,44.779999,44.779999,464027
5/3/2016,44.919998,45.349998,43.32,43.650002,43.650002,625551
5/4/2016,43.849998,44.880001,43.220001,43.779999,43.779999,711125
5/5/2016,44.040001,46.07,43.959999,44.32,44.32,746159
5/6/2016,44.52,45.34,43.540001,44.66,44.66,695306
5/9/2016,45,45.939999,43.240002,43.439999,43.439999,767568
5/10/2016,43.25,44.790001,43.029999,44.66,44.66,709415
5/11/2016,44.599998,46.360001,43.959999,46.23,46.23,869957
5/12/2016,46,47.02,45.610001,46.700001,46.700001,715102
5/13/2016,46.41,46.490002,45.75,46.209999,46.209999,519363
5/16/2016,46.279999,47.98,46.150002,47.720001,47.720001,550863
5/17/2016,47.900002,48.759998,47.529999,48.310001,48.310001,470440
5/18/2016,48.529999,48.950001,47.75,48.189999,48.189999,343184
5/19/2016,47.869999,48.279999,46.73,48.16,48.16,108816
5/20/2016,48.200001,48.790001,47.439999,47.75,47.75,538047
5/23/2016,48.459999,48.5,47.400002,48.080002,48.080002,475453
5/24/2016,48.080002,49.27,47.639999,48.619999,48.619999,475965
5/25/2016,49.09,49.75,48.650002,49.560001,49.560001,550501
5/26/2016,49.700001,50.209999,49.220001,49.48,49.48,488465
5/27/2016,49.310001,49.599998,48.689999,49.330002,49.330002,406386
5/31/2016,49.540001,50.099998,48.810001,49.099998,49.099998,476988
6/1/2016,48.82,49.25,47.75,49.009998,49.009998,568839
6/2/2016,48.900002,49.470001,47.970001,49.169998,49.169998,564846
6/3/2016,49.040001,49.41,48.330002,48.619999,48.619999,481034
6/6/2016,48.880001,49.900002,48.709999,49.689999,49.689999,450472
6/7/2016,49.709999,50.529999,49.439999,50.360001,50.360001,542254
6/8/2016,50.41,51.619999,50.32,51.23,51.23,656416
6/9/2016,51.450001,51.669998,50.23,50.560001,50.560001,560723
6/10/2016,50.470001,50.73,48.799999,49.07,49.07,596119
6/13/2016,48.849998,49.279999,48.16,48.880001,48.880001,506036
6/14/2016,48.52,48.689999,47.84,48.490002,48.490002,456144
6/15/2016,47.900002,48.720001,47.279999,48.009998,48.009998,527870
6/16/2016,47.450001,47.75,45.91,46.209999,46.209999,507910
6/17/2016,45.990002,48.290001,45.830002,47.98,47.98,226653
6/20/2016,48.290001,49.419998,48.139999,49.369999,49.369999,98293
6/21/2016,49.139999,49.32,48.16,48.849998,48.849998,475407
6/22/2016,50.220001,50.540001,48.400002,49.130001,49.130001,569939
6/23/2016,49.080002,50.23,49.080002,50.110001,50.110001,401885
6/24/2016,50.299999,50.450001,46.700001,47.639999,47.639999,649446
6/27/2016,47.810001,47.959999,45.830002,46.330002,46.330002,504613
6/28/2016,46.59,48.18,46.540001,47.849998,47.849998,498851
6/29/2016,48.060001,50,47.98,49.880001,49.880001,511476
6/30/2016,49.549999,49.619999,48.169998,48.330002,48.330002,508736
7/1/2016,48.380001,49.299999,47.900002,48.990002,48.990002,405187
7/5/2016,49.110001,49.349998,46.330002,46.599998,46.599998,609194
7/6/2016,46.830002,47.950001,45.919998,47.43,47.43,607663
7/7/2016,47.880001,48.25,44.869999,45.139999,45.139999,710893
7/8/2016,45.189999,45.970001,44.77,45.41,45.41,583078
7/11/2016,45.07,45.77,44.419998,44.759998,44.759998,533657
7/12/2016,44.580002,46.93,44.509998,46.799999,46.799999,658257
7/13/2016,46.580002,46.709999,44.560001,44.75,44.75,686245
7/14/2016,45.139999,45.799999,44.950001,45.68,45.68,573761
7/15/2016,45.52,46.330002,45.049999,45.950001,45.950001,430256
7/18/2016,46.119999,46.139999,44.860001,45.240002,45.240002,211393
7/19/2016,45.23,45.669998,44.529999,44.650002,44.650002,128127
7/20/2016,44.59,45.25,43.689999,44.939999,44.939999,541014
7/21/2016,45.650002,46.09,44.52,44.75,44.75,432972
7/22/2016,44.599998,44.970001,43.740002,44.189999,44.189999,428407
7/25/2016,44.200001,44.369999,42.970001,43.130001,43.130001,389837
7/26/2016,43.07,43.389999,42.360001,42.919998,42.919998,461324
7/27/2016,42.66,43.200001,41.68,41.919998,41.919998,537390
7/28/2016,41.93,42.220001,41.040001,41.139999,41.139999,447913
7/29/2016,41.119999,41.669998,40.57,41.599998,41.599998,478763
8/1/2016,41.349998,41.880001,39.82,40.060001,40.060001,533020
8/2/2016,40.080002,40.91,39.259998,39.509998,39.509998,534512
8/3/2016,39.700001,41.200001,39.189999,40.830002,40.830002,655186
8/4/2016,41.16,42.080002,40.43,41.93,41.93,598836
8/5/2016,41.84,42.099998,41.060001,41.799999,41.799999,550189
8/8/2016,41.990002,43.389999,41.810001,43.02,43.02,562530
8/9/2016,42.830002,43.52,42.470001,42.77,42.77,624703
8/10/2016,42.740002,43.389999,41.419998,41.709999,41.709999,676148
8/11/2016,41.48,43.860001,41.099998,43.490002,43.490002,682235
8/12/2016,43.459999,44.779999,43.310001,44.490002,44.490002,536081
8/15/2016,44.740002,45.93,44.380001,45.740002,45.740002,522526
8/16/2016,45.59,46.73,45.34,46.580002,46.580002,550440
8/17/2016,46.369999,46.950001,45.84,46.790001,46.790001,563354
8/18/2016,46.900002,48.380001,46.630001,48.220001,48.220001,229277
8/19/2016,48.330002,48.75,47.93,48.52,48.52,162438
8/22/2016,48.400002,48.400002,46.75,47.049999,47.049999,515256
8/23/2016,47.389999,48.32,46.59,48.099998,48.099998,623904
8/24/2016,47.59,47.740002,46.450001,46.77,46.77,603495
8/25/2016,46.799999,47.459999,46.419998,47.330002,47.330002,458816
8/26/2016,47.369999,48.459999,46.939999,47.639999,47.639999,558344
8/29/2016,47.220001,47.279999,46.619999,46.98,46.98,309254
8/30/2016,46.98,47.490002,46.209999,46.349998,46.349998,464449
8/31/2016,46.240002,46.41,44.509998,44.700001,44.700001,549007
9/1/2016,44.849998,45.080002,43,43.16,43.16,605003
9/2/2016,43.549999,44.669998,43.16,44.439999,44.439999,576915
9/6/2016,44.150002,46.529999,43.84,44.830002,44.830002,932145
9/7/2016,44.849998,46.169998,44.549999,45.5,45.5,572884
9/8/2016,46.119999,47.75,45.77,47.619999,47.619999,761943
9/9/2016,47.360001,47.360001,45.560001,45.880001,45.880001,688191
9/12/2016,45.57,46.509998,44.720001,46.290001,46.290001,745016
9/13/2016,46.060001,46.130001,44.77,44.900002,44.900002,657775
9/14/2016,45,45.330002,43.419998,43.580002,43.580002,705861
9/15/2016,43.700001,44.34,43.259998,43.91,43.91,537185
9/16/2016,43.709999,43.75,42.740002,43.029999,43.029999,231191
9/19/2016,43.18,44.150002,43.119999,43.299999,43.299999,129857
9/20/2016,43.130001,44.049999,42.549999,43.439999,43.439999,694130
9/21/2016,44.5,45.650002,44.5,45.34,45.34,585987
9/22/2016,45.619999,46.52,45.52,46.32,46.32,521680
9/23/2016,46.07,46.549999,44.220001,44.48,44.48,718395
9/26/2016,44.619999,46.200001,44.43,45.93,45.93,527119
9/27/2016,45.619999,45.959999,44.189999,44.669998,44.669998,630757
9/28/2016,44.959999,47.450001,44.349998,47.049999,47.049999,1008434
9/29/2016,47.200001,48.32,46.599998,47.830002,47.830002,702649
9/30/2016,47.759998,48.299999,47.040001,48.240002,48.240002,496515
10/3/2016,48.040001,49.02,47.779999,48.810001,48.810001,458021
10/4/2016,48.650002,49.259998,48.259998,48.689999,48.689999,513710
10/5/2016,49.259998,49.970001,49.099998,49.830002,49.830002,520070
10/6/2016,49.650002,50.630001,49.330002,50.439999,50.439999,547915
10/7/2016,50.59,50.740002,49.400002,49.810001,49.810001,618809
10/11/2016,51.099998,51.540001,50.389999,50.790001,50.790001,765608
10/12/2016,50.84,51.169998,49.889999,50.18,50.18,533884
10/13/2016,50,50.59,49.360001,50.439999,50.439999,740676
10/14/2016,50.580002,51.139999,49.900002,50.349998,50.349998,519431
10/17/2016,50.23,50.580002,49.470001,49.939999,49.939999,418723
10/18/2016,50.040001,50.779999,49.759998,50.290001,50.290001,192803
10/19/2016,50.77,51.93,50.689999,51.599998,51.599998,132427
10/20/2016,51.400002,51.580002,50.25,50.43,50.43,548947
10/21/2016,50.66,51.02,50.209999,50.849998,50.849998,551300
10/24/2016,50.849998,50.98,49.619999,50.52,50.52,623398
10/25/2016,50.490002,50.93,49.27,49.959999,49.959999,553778
10/26/2016,49.310001,50.099998,48.869999,49.18,49.18,679320
10/27/2016,49.220001,50.060001,49,49.720001,49.720001,543173
10/28/2016,49.610001,49.810001,48.419998,48.700001,48.700001,550081
10/31/2016,48.25,48.740002,46.630001,46.860001,46.860001,649237
11/1/2016,46.77,47.349998,46.200001,46.669998,46.669998,834989
11/2/2016,46.32,46.470001,44.959999,45.34,45.34,674322
11/3/2016,45.48,45.900002,44.369999,44.66,44.66,540439
11/4/2016,44.630001,44.869999,43.57,44.07,44.07,736685
11/7/2016,44.450001,45.009998,44.110001,44.889999,44.889999,605733
11/8/2016,44.970001,45.389999,44.41,44.98,44.98,669639
11/9/2016,44.82,45.950001,43.07,45.27,45.27,946512
11/10/2016,45.310001,45.639999,44.25,44.66,44.66,686338
11/14/2016,43.200001,43.810001,42.200001,43.32,43.32,704766
11/15/2016,43.759998,46.09,43.549999,45.810001,45.810001,706177
11/16/2016,45.77,46.41,45.029999,45.57,45.57,658169
11/17/2016,45.369999,46.580002,44.880001,45.419998,45.419998,284874
11/18/2016,44.93,45.77,44.549999,45.689999,45.689999,155651
11/21/2016,45.830002,47.799999,45.77,47.490002,47.490002,665326
11/22/2016,48.369999,49.200001,47.169998,48.029999,48.029999,826208
11/23/2016,47.939999,48.43,47.400002,47.959999,47.959999,556861
11/25/2016,47.970001,48.259998,45.880001,46.060001,46.060001,465977
11/28/2016,45.43,47.650002,45.139999,47.080002,47.080002,734381
11/29/2016,46.880001,46.98,44.82,45.23,45.23,732818
11/30/2016,45.240002,49.900002,45.220001,49.439999,49.439999,1311000
12/1/2016,49.07,51.799999,48.98,51.060001,51.060001,974805
12/2/2016,51.009998,51.73,50.18,51.68,51.68,667099
12/5/2016,51.459999,52.419998,50.93,51.790001,51.790001,600782
12/6/2016,50.970001,51.599998,50.279999,50.93,50.93,642746
12/7/2016,50.93,51.200001,49.720001,49.77,49.77,816879
12/8/2016,49.880001,50.98,49.610001,50.84,50.84,780062
12/9/2016,50.919998,51.66,50.860001,51.5,51.5,652040
12/12/2016,52.580002,54.509998,52.18,52.830002,52.830002,847025
12/13/2016,52.509998,53.41,52.349998,52.98,52.98,638396
12/14/2016,52.450001,52.779999,50.669998,51.040001,51.040001,677957
12/15/2016,50.790001,51.48,49.950001,50.900002,50.900002,551759
12/16/2016,51.099998,52.080002,50.5,51.900002,51.900002,252567
12/19/2016,52.150002,52.52,51.509998,52.119999,52.119999,129990
12/20/2016,52.110001,52.700001,51.849998,52.23,52.23,416592
12/21/2016,53.560001,53.790001,52.32,52.490002,52.490002,471993
12/22/2016,52.52,53.189999,52.080002,52.950001,52.950001,393487
12/23/2016,52.68,53.279999,52.259998,53.02,53.02,285166
12/27/2016,53.290001,54.099998,53.029999,53.900002,53.900002,277306
12/28/2016,53.93,54.369999,53.560001,54.060001,54.060001,322535
12/29/2016,53.66,54.209999,53.459999,53.77,53.77,360194
12/30/2016,53.869999,54.09,53.41,53.720001,53.720001,271094
1/3/2017,54.200001,55.240002,52.110001,52.330002,52.330002,727793
1/4/2017,52.490002,53.43,52.150002,53.259998,53.259998,512641
1/5/2017,53.389999,54.119999,52.790001,53.759998,53.759998,517362
1/6/2017,53.73,54.32,53.32,53.990002,53.990002,528333
1/9/2017,53.75,53.830002,51.759998,51.959999,51.959999,564893
1/10/2017,51.830002,52.369999,50.709999,50.82,50.82,632573
1/11/2017,50.810001,52.779999,50.75,52.25,52.25,815846
1/12/2017,52.369999,53.5,52.119999,53.009998,53.009998,660703
1/13/2017,53.049999,53.169998,52.27,52.369999,52.369999,477986
1/17/2017,52.549999,53.52,52.119999,52.48,52.48,606023
1/18/2017,52.52,52.790001,50.91,51.080002,51.080002,236238
1/19/2017,51.389999,51.869999,51.02,51.369999,51.369999,122593
1/20/2017,51.450001,52.900002,51.389999,52.419998,52.419998,567231
1/23/2017,53.330002,53.470001,52.209999,52.75,52.75,455333
1/24/2017,52.860001,53.560001,52.669998,53.18,53.18,520285
1/25/2017,52.950001,53.470001,52.560001,52.75,52.75,589709
1/26/2017,52.959999,54.060001,52.790001,53.779999,53.779999,578065
1/27/2017,53.740002,54.080002,52.580002,53.169998,53.169998,495556
1/30/2017,53.150002,53.459999,52.41,52.630001,52.630001,486309
1/31/2017,52.599998,53.560001,52.240002,52.810001,52.810001,586676
2/1/2017,52.759998,53.91,52.639999,53.880001,53.880001,577243
2/2/2017,53.57,54.34,53.349998,53.540001,53.540001,492553
2/3/2017,53.68,54.220001,53.400002,53.830002,53.830002,462616
2/6/2017,53.810001,54.130001,52.91,53.009998,53.009998,425085
2/7/2017,53.139999,53.240002,51.630001,52.169998,52.169998,624057
2/8/2017,51.639999,52.669998,51.220001,52.34,52.34,767379
2/9/2017,52.369999,53.209999,52.369999,53,53,610196
2/10/2017,53.150002,54.130001,52.900002,53.860001,53.860001,596449
2/13/2017,53.799999,53.950001,52.77,52.93,52.93,586034
2/14/2017,52.91,53.720001,52.860001,53.200001,53.200001,493022
2/15/2017,53,53.509998,52.73,53.110001,53.110001,463638
2/16/2017,53.009998,53.59,52.68,53.360001,53.360001,343363
2/17/2017,53.470001,53.52,52.880001,53.400002,53.400002,195352
2/21/2017,53.48,54.68,53.349998,54.060001,54.060001,665310
2/22/2017,54.259998,54.599998,53.349998,53.59,53.59,499480
2/23/2017,53.91,54.939999,53.869999,54.450001,54.450001,529880
2/24/2017,54.330002,54.509998,53.759998,53.990002,53.990002,395258
2/27/2017,54.02,54.610001,53.939999,54.049999,54.049999,394380
2/28/2017,54.040001,54.23,53.18,54.009998,54.009998,593909
3/1/2017,53.950001,54.439999,53.630001,53.830002,53.830002,491289
3/2/2017,53.689999,53.799999,52.540001,52.610001,52.610001,638390
3/3/2017,52.580002,53.389999,52.549999,53.330002,53.330002,436360
3/6/2017,53.189999,53.560001,52.759998,53.200001,53.200001,503692
3/7/2017,53.169998,53.799999,52.709999,53.139999,53.139999,494677
3/8/2017,52.790001,52.919998,50.049999,50.279999,50.279999,963392
3/9/2017,50.220001,50.84,48.59,49.279999,49.279999,1073506
3/10/2017,49.610001,50.110001,48.310001,48.490002,48.490002,796960
3/13/2017,48.450001,48.68,47.900002,48.400002,48.400002,601362
3/14/2017,48.450001,48.790001,47.09,47.720001,47.720001,857711
3/15/2017,48.759998,49.040001,48.16,48.860001,48.860001,655788
3/16/2017,49.009998,49.619999,48.450001,48.75,48.75,516853
3/17/2017,48.790001,49.200001,48.599998,48.779999,48.779999,172340
3/20/2017,48.700001,48.740002,47.84,48.220001,48.220001,142258
3/21/2017,47.93,48.73,47.23,47.34,47.34,628119
3/22/2017,48.16,48.32,47.009998,48.040001,48.040001,680849
3/23/2017,48.150002,48.48,47.580002,47.700001,47.700001,499878
3/24/2017,47.669998,48.200001,47.540001,47.970001,47.970001,421027
3/27/2017,48.119999,48.279999,47.080002,47.73,47.73,466176
3/28/2017,47.889999,48.740002,47.799999,48.369999,48.369999,502377
3/29/2017,48.470001,49.630001,48.380001,49.509998,49.509998,548615
3/30/2017,49.599998,50.470001,49.27,50.349998,50.349998,580668
3/31/2017,50.32,50.849998,49.900002,50.599998,50.599998,527607
4/3/2017,50.689999,50.830002,50.119999,50.240002,50.240002,440724
4/4/2017,50.240002,51.299999,49.880001,51.029999,51.029999,532054
4/5/2017,51.18,51.880001,50.740002,51.150002,51.150002,651398
4/6/2017,50.799999,51.82,50.77,51.700001,51.700001,473019
4/7/2017,51.700001,52.939999,51.490002,52.240002,52.240002,796437
4/10/2017,52.310001,53.18,52.290001,53.080002,53.080002,565439
4/11/2017,53.130001,53.450001,52.700001,53.400002,53.400002,598003
4/12/2017,53.400002,53.759998,52.709999,53.110001,53.110001,629805
4/13/2017,52.849998,53.389999,52.82,53.18,53.18,480835
4/17/2017,52.970001,53.209999,52.549999,52.650002,52.650002,326340
4/18/2017,52.75,52.849998,52.099998,52.41,52.41,202043
4/19/2017,52.360001,52.650002,50.09,50.439999,50.439999,133173
4/20/2017,50.630001,50.970001,50.18,50.27,50.27,606263
4/21/2017,50.709999,50.93,49.200001,49.619999,49.619999,687474
4/24/2017,49.68,50.220001,49.029999,49.23,49.23,517897
4/25/2017,49.220001,49.830002,48.869999,49.560001,49.560001,587240
4/26/2017,49.360001,50.200001,48.939999,49.619999,49.619999,655717
4/27/2017,49.220001,49.43,48.200001,48.970001,48.970001,771189
4/28/2017,49.27,49.759998,48.799999,49.330002,49.330002,633992
5/1/2017,49.169998,49.32,48.59,48.84,48.84,364386
5/2/2017,48.779999,49.279999,47.349998,47.66,47.66,702375
5/3/2017,48.119999,48.23,47.299999,47.82,47.82,691319
5/4/2017,47.599998,47.75,45.290001,45.52,45.52,943959
5/5/2017,45.509998,46.68,43.759998,46.220001,46.220001,1021610
5/8/2017,46.349998,46.98,45.73,46.43,46.43,785055
5/9/2017,46.490002,46.779999,45.529999,45.880001,45.880001,701944
5/10/2017,46.18,47.779999,46.009998,47.330002,47.330002,819796
5/11/2017,47.389999,48.220001,47.34,47.830002,47.830002,661783
5/12/2017,47.810001,48.07,47.349998,47.84,47.84,537490
5/15/2017,47.849998,49.66,47.75,48.849998,48.849998,687153
5/16/2017,48.82,49.380001,48.169998,48.66,48.66,589212
5/17/2017,48.23,49.5,48.029999,49.07,49.07,650107
5/18/2017,48.93,49.599998,48.049999,49.349998,49.349998,242754
5/19/2017,49.279999,50.529999,49.279999,50.330002,50.330002,146452
5/22/2017,50.599998,51.060001,50.439999,50.73,50.73,564310
5/23/2017,51.040001,51.790001,50.57,51.470001,51.470001,584139
5/24/2017,51.439999,51.880001,51.029999,51.360001,51.360001,736341
5/25/2017,51.25,52,48.450001,48.900002,48.900002,1147389
5/26/2017,48.75,49.939999,48.18,49.799999,49.799999,763920
5/30/2017,49.93,50.279999,49.029999,49.66,49.66,663486
5/31/2017,49.650002,49.709999,47.73,48.32,48.32,779144
6/1/2017,48.630001,49.169998,47.900002,48.360001,48.360001,774478
6/2/2017,48.040001,48.189999,46.740002,47.66,47.66,802662
6/5/2017,47.709999,48.419998,46.860001,47.400002,47.400002,710199
6/6/2017,47.400002,48.400002,46.939999,48.189999,48.189999,825056
6/7/2017,47.98,48.23,45.650002,45.720001,45.720001,1182327
6/8/2017,45.849998,46.18,45.200001,45.639999,45.639999,927695
6/9/2017,45.709999,46.18,45.27,45.830002,45.830002,735933
6/12/2017,45.799999,46.709999,45.66,46.080002,46.080002,666765
6/13/2017,46.009998,46.57,45.560001,46.459999,46.459999,783320
6/14/2017,45.939999,46.490002,44.540001,44.73,44.73,924408
6/15/2017,44.689999,44.810001,44.220001,44.459999,44.459999,500938
6/16/2017,44.25,44.939999,44.240002,44.740002,44.740002,191824
6/19/2017,44.68,45.060001,44.049999,44.200001,44.200001,123943
6/20/2017,44.110001,44.400002,42.75,43.23,43.23,894104
6/21/2017,43.380001,44.200001,42.049999,42.529999,42.529999,1071747
6/22/2017,42.549999,43.32,42.259998,42.740002,42.740002,668830
6/23/2017,42.799999,43.200001,42.529999,43.009998,43.009998,690906
6/26/2017,43.16,43.650002,42.630001,43.380001,43.380001,661354
6/27/2017,43.490002,44.439999,43.32,44.240002,44.240002,759115
6/28/2017,43.700001,44.900002,43.669998,44.740002,44.740002,753375
6/29/2017,44.889999,45.450001,44.650002,44.93,44.93,768946
6/30/2017,44.889999,46.349998,44.880001,46.040001,46.040001,677408
7/3/2017,null,null,null,null,null,null
7/5/2017,47.040001,47.32,44.509998,45.130001,45.130001,1173581
7/6/2017,45.650002,46.529999,45.18,45.52,45.52,969676
7/7/2017,45.349998,45.419998,43.779999,44.23,44.23,975914
7/10/2017,44.349998,44.84,43.650002,44.400002,44.400002,848570
7/11/2017,44.580002,45.810001,43.830002,45.040001,45.040001,1010691
7/12/2017,45.740002,46.48,45.110001,45.490002,45.490002,963505
7/13/2017,45.439999,46.279999,44.990002,46.080002,46.080002,748971
7/14/2017,46.080002,46.740002,45.799999,46.540001,46.540001,742895
7/17/2017,46.68,46.880001,45.889999,46.02,46.02,560633
7/18/2017,45.990002,46.919998,45.810001,46.400002,46.400002,208420
7/19/2017,46.25,47.259998,46.139999,47.119999,47.119999,140677
7/20/2017,47.09,47.549999,46.66,46.790001,46.790001,720621
7/21/2017,46.91,47.209999,45.540001,45.77,45.77,769438
7/24/2017,45.619999,46.529999,45.400002,46.34,46.34,707910
7/25/2017,46.459999,48.66,46.380001,47.889999,47.889999,885700
7/26/2017,48.509998,48.869999,47.860001,48.75,48.75,887864
7/27/2017,48.700001,49.240002,48.25,49.040001,49.040001,880757
7/28/2017,49.169998,49.810001,48.860001,49.709999,49.709999,771225
7/31/2017,49.849998,50.41,49.18,50.169998,50.169998,781539
8/1/2017,50.209999,50.43,48.369999,49.16,49.16,1008583
8/2/2017,48.799999,49.650002,48.549999,49.59,49.59,847722
8/3/2017,49.59,49.959999,48.779999,49.029999,49.029999,837763
8/4/2017,48.950001,49.639999,48.5,49.580002,49.580002,745664
8/7/2017,49.59,49.73,48.540001,49.389999,49.389999,831374
8/8/2017,49.310001,49.790001,48.860001,49.169998,49.169998,924240
8/9/2017,49,49.720001,48.900002,49.560001,49.560001,858250
8/10/2017,49.68,50.220001,48.349998,48.59,48.59,1135440
8/11/2017,48.52,48.98,47.98,48.82,48.82,804237
8/14/2017,48.790001,49.16,47.43,47.59,47.59,763241
8/15/2017,47.490002,47.900002,47.02,47.549999,47.549999,770358
8/16/2017,47.720001,47.990002,46.669998,46.779999,46.779999,815544
8/17/2017,46.799999,47.189999,46.459999,47.09,47.09,608314
8/18/2017,46.93,48.740002,46.779999,48.509998,48.509998,253069
8/21/2017,48.720001,48.75,47.029999,47.369999,47.369999,129192
8/22/2017,47.450001,48.029999,47.200001,47.639999,47.639999,864387
8/23/2017,47.639999,48.5,47.529999,48.41,48.41,701693
8/24/2017,48.360001,48.43,47.060001,47.43,47.43,831358
8/25/2017,47.619999,47.91,47.389999,47.869999,47.869999,646518
8/28/2017,47.889999,48.200001,46.150002,46.57,46.57,921285
8/29/2017,46.860001,46.959999,45.759998,46.439999,46.439999,895643
8/30/2017,46.310001,46.720001,45.84,45.959999,45.959999,895643
8/31/2017,45.950001,47.470001,45.580002,47.23,47.23,882983
9/1/2017,47.080002,47.349998,46.560001,47.290001,47.290001,915708
9/5/2017,47.279999,48.98,47.150002,48.66,48.66,742808
9/6/2017,48.59,49.419998,48.52,49.16,49.16,788963
9/7/2017,49.139999,49.330002,48.630001,49.09,49.09,702514
9/8/2017,49.09,49.259998,47.27,47.48,47.48,843760
9/11/2017,47.580002,48.27,47,48.07,48.07,774468
9/12/2017,48.119999,48.439999,47.73,48.23,48.23,676040
9/13/2017,48.34,49.400002,48.119999,49.299999,49.299999,706925
9/14/2017,49.310001,50.5,49.150002,49.889999,49.889999,709035
9/15/2017,49.720001,50.130001,49.41,49.889999,49.889999,433597
9/18/2017,49.849998,50.330002,49.189999,49.91,49.91,189605
9/19/2017,49.91,50.419998,49.330002,49.48,49.48,143379
9/20/2017,49.84,50.650002,49.75,50.41,50.41,754413
9/21/2017,50.720001,50.810001,50.07,50.549999,50.549999,580569
9/22/2017,50.73,50.779999,50.290001,50.66,50.66,473795
9/25/2017,50.68,52.279999,50.389999,52.220001,52.220001,701244
9/26/2017,52.119999,52.43,51.43,51.880001,51.880001,709515
9/27/2017,52.09,52.34,51.630001,52.139999,52.139999,637035
9/28/2017,52.049999,52.860001,51.220001,51.560001,51.560001,801816
9/29/2017,51.580002,51.77,51.25,51.669998,51.669998,551982
10/2/2017,51.639999,51.709999,50.07,50.580002,50.580002,600933
10/3/2017,50.59,50.73,50.139999,50.419998,50.419998,462735
10/4/2017,50.16,50.669998,49.759998,49.98,49.98,598836
10/5/2017,49.880001,51.220001,49.849998,50.790001,50.790001,654385
10/6/2017,50.75,50.82,49.099998,49.290001,49.290001,743114
10/9/2017,49.25,49.790001,49.130001,49.580002,49.580002,505079
10/10/2017,49.549999,51.060001,49.540001,50.919998,50.919998,664839
10/11/2017,50.939999,51.419998,50.610001,51.299999,51.299999,651948
10/12/2017,51,51.130001,50.150002,50.599998,50.599998,729273
10/13/2017,50.73,51.720001,50.700001,51.450001,51.450001,667497
10/16/2017,51.43,52.369999,51.349998,51.869999,51.869999,520725
10/17/2017,51.93,52.25,51.209999,51.880001,51.880001,471612
10/18/2017,51.939999,52.330002,51.689999,52.040001,52.040001,152620
10/19/2017,52.049999,52.169998,51.07,51.290001,51.290001,127413
10/20/2017,51.419998,51.73,50.700001,51.470001,51.470001,674142
10/23/2017,52.07,52.299999,51.68,51.900002,51.900002,583563
10/24/2017,51.889999,52.619999,51.549999,52.470001,52.470001,709553
10/25/2017,52.560001,52.57,51.889999,52.18,52.18,681739
10/26/2017,52.189999,52.860001,51.91,52.639999,52.639999,594647
10/27/2017,52.799999,54.200001,52.25,53.900002,53.900002,730915
10/30/2017,54.16,54.459999,53.75,54.150002,54.150002,565043
10/31/2017,54.080002,54.849998,53.93,54.380001,54.380001,497295
11/1/2017,54.650002,55.220001,53.889999,54.299999,54.299999,671038
11/2/2017,54.279999,54.84,53.990002,54.540001,54.540001,482846
11/3/2017,54.73,55.759998,54.400002,55.639999,55.639999,614159
11/6/2017,55.970001,57.610001,55.66,57.349998,57.349998,861713
11/7/2017,57.27,57.689999,56.830002,57.200001,57.200001,750187
11/8/2017,56.959999,57.919998,56.41,56.810001,56.810001,919147
11/9/2017,56.849998,57.529999,56.689999,57.169998,57.169998,666949
11/10/2017,57.02,57.349998,56.549999,56.740002,56.740002,541296
11/13/2017,56.900002,57.150002,56.299999,56.759998,56.759998,631619
11/14/2017,56.720001,56.77,54.810001,55.700001,55.700001,707338
11/15/2017,55.060001,55.560001,54.880001,55.330002,55.330002,501385
11/16/2017,55.299999,55.619999,54.93,55.139999,55.139999,213923
11/17/2017,55.25,56.68,55.18,56.549999,56.549999,184944
11/20/2017,56.689999,56.759998,55.57,56.09,56.09,593241
11/21/2017,56.380001,57.220001,56.32,56.830002,56.830002,619066
11/22/2017,57.119999,58.150002,57.029999,58.02,58.02,837411
11/24/2017,null,null,null,null,null,null
11/27/2017,58.950001,58.990002,57.549999,58.110001,58.110001,690078
11/28/2017,57.860001,58.110001,57.419998,57.990002,57.990002,546526
11/29/2017,57.73,58.299999,56.75,57.299999,57.299999,741564
11/30/2017,57.41,57.98,56.82,57.400002,57.400002,735128
12/1/2017,57.419998,58.880001,57.290001,58.360001,58.360001,685215
12/4/2017,58.32,58.34,57.349998,57.470001,57.470001,529965
12/5/2017,57.48,57.919998,57.080002,57.619999,57.619999,499245
12/6/2017,57.450001,57.57,55.869999,55.959999,55.959999,678992
12/7/2017,56,56.779999,55.82,56.689999,56.689999,557325
12/8/2017,56.650002,57.790001,56.540001,57.360001,57.360001,681599
12/11/2017,57.25,58.080002,56.91,57.990002,57.990002,606724
12/12/2017,58.02,58.560001,56.849998,57.139999,57.139999,826488
12/13/2017,57.450001,57.830002,56.549999,56.599998,56.599998,658143
12/14/2017,56.700001,57.220001,56.09,57.040001,57.040001,580571
12/15/2017,57.150002,57.490002,56.939999,57.299999,57.299999,210054
12/18/2017,57.369999,57.779999,56.82,57.16,57.16,137151
12/19/2017,57.299999,57.639999,57.16,57.459999,57.459999,420784
12/20/2017,57.66,58.119999,57.439999,58.09,58.09,420844
12/21/2017,58.02,58.380001,57.630001,58.360001,58.360001,405320
12/22/2017,58.209999,58.5,57.869999,58.470001,58.470001,324554
12/26/2017,58.400002,60.009998,58.32,59.970001,59.970001,437785
12/27/2017,59.790001,59.93,59.330002,59.639999,59.639999,402396
12/28/2017,59.529999,59.939999,59.439999,59.84,59.84,345962
12/29/2017,59.91,60.509998,59.82,60.419998,60.419998,464478
1/2/2018,60.200001,60.740002,60.099998,60.369999,60.369999,510313
1/3/2018,60.389999,61.970001,60.279999,61.630001,61.630001,673859
1/4/2018,61.959999,62.209999,61.59,62.009998,62.009998,654363
1/5/2018,61.900002,62.040001,61.09,61.439999,61.439999,563036
1/8/2018,61.610001,61.970001,61.34,61.73,61.73,616474
1/9/2018,61.919998,63.48,61.799999,62.959999,62.959999,844720
1/10/2018,63.41,63.669998,63.09,63.57,63.57,697844
1/11/2018,63.5,64.769997,63.43,63.799999,63.799999,876642
1/12/2018,63.57,64.5,63.060001,64.300003,64.300003,678727
1/16/2018,64.43,64.889999,63.389999,63.73,63.73,867771
1/17/2018,63.889999,64.169998,63.310001,63.970001,63.970001,444384
1/18/2018,64.07,64.349998,63.470001,63.950001,63.950001,204504
1/19/2018,63.740002,63.77,62.849998,63.369999,63.369999,142711
1/22/2018,63.610001,64.139999,63.169998,63.490002,63.490002,625662
1/23/2018,63.880001,64.879997,63.700001,64.470001,64.470001,662456
1/24/2018,64.419998,66.050003,64.339996,65.610001,65.610001,887018
1/25/2018,65.879997,66.660004,65.080002,65.510002,65.510002,771758
1/26/2018,65.25,66.349998,64.910004,66.139999,66.139999,678186
1/29/2018,66.18,66.459999,64.980003,65.559998,65.559998,656168
1/30/2018,65.529999,65.559998,63.889999,64.5,64.5,688380
1/31/2018,64.029999,64.940002,63.669998,64.730003,64.730003,613258
2/1/2018,64.760002,66.25,64.629997,65.800003,65.800003,685750
2/2/2018,65.989998,66.300003,64.470001,65.449997,65.449997,857572
2/5/2018,65.099998,65.400002,63.419998,64.150002,64.150002,891063
2/6/2018,63.43,64.290001,63.119999,63.389999,63.389999,797814
2/7/2018,63.919998,64.18,61.25,61.790001,61.790001,1029408
2/8/2018,61.700001,62.09,60.27,61.150002,61.150002,929578
2/9/2018,60.43,60.77,58.07,59.200001,59.200001,933307
2/12/2018,59.119999,60.830002,59.099998,59.290001,59.290001,736917
2/13/2018,59.349998,59.73,58.389999,59.189999,59.189999,580600
2/14/2018,58.98,60.900002,58.200001,60.599998,60.599998,650324
2/15/2018,60.709999,61.639999,59.720001,61.34,61.34,340401
2/16/2018,61.450001,61.990002,60.880001,61.68,61.68,181179
2/20/2018,61.630001,62.740002,61.580002,61.900002,61.900002,794481
2/21/2018,61.630001,61.860001,60.919998,61.68,61.68,466924
2/22/2018,61.34,63.09,60.75,62.77,62.77,592603
2/23/2018,62.599998,63.73,62.330002,63.549999,63.549999,460597
2/26/2018,63.599998,64.239998,63.060001,63.91,63.91,469853
2/27/2018,64.059998,64.080002,62.639999,63.009998,63.009998,562670
2/28/2018,62.790001,63.439999,61.360001,61.639999,61.639999,768409
3/1/2018,61.549999,61.830002,60.18,60.990002,60.990002,812505
3/2/2018,61.34,61.599998,60.130001,61.25,61.25,613514
3/5/2018,61.549999,62.790001,61.099998,62.57,62.57,599266
3/6/2018,62.580002,63.279999,62.169998,62.599998,62.599998,634953
3/7/2018,62.299999,62.580002,60.580002,61.150002,61.150002,879119
3/8/2018,61.330002,61.400002,59.950001,60.119999,60.119999,720510
3/9/2018,60.27,62.18,60.139999,62.040001,62.040001,659722
3/12/2018,62.099998,62.330002,60.669998,61.360001,61.360001,537990
3/13/2018,61.369999,61.970001,60.27,60.709999,60.709999,747738
3/14/2018,60.869999,61.330002,60.110001,60.959999,60.959999,665017
3/15/2018,60.950001,61.540001,60.82,61.189999,61.189999,430201
3/16/2018,61.189999,62.540001,61.080002,62.34,62.34,202493
3/19/2018,62.23,62.349998,61.360001,62.060001,62.060001,115962
3/20/2018,62.099998,63.810001,62.080002,63.400002,63.400002,717709
3/21/2018,63.720001,65.550003,63.580002,65.169998,65.169998,763768
3/22/2018,65.5,65.739998,64.139999,64.300003,64.300003,689172
3/23/2018,64.279999,66,64.110001,65.879997,65.879997,752994
3/26/2018,65.900002,66.550003,65.080002,65.550003,65.550003,585899
3/27/2018,65.529999,66.410004,64.529999,65.25,65.25,670811
3/28/2018,64.699997,65.129997,63.720001,64.379997,64.379997,697678
3/29/2018,64.690002,65.260002,64.160004,64.940002,64.940002,562819
4/2/2018,64.910004,65.419998,62.799999,63.009998,63.009998,582742
4/3/2018,62.889999,63.860001,62.860001,63.509998,63.509998,527289
4/4/2018,63.59,63.639999,62.060001,63.369999,63.369999,760596
4/5/2018,63.599998,64.120003,63.07,63.540001,63.540001,588597
4/6/2018,63.700001,63.790001,61.810001,62.060001,62.060001,753262
4/9/2018,62,63.610001,61.93,63.419998,63.419998,655831
4/10/2018,63.299999,65.860001,63.200001,65.510002,65.510002,840280
4/11/2018,65.589996,67.449997,65.150002,66.82,66.82,963017
4/12/2018,66.75,67.330002,66,67.07,67.07,687468
4/13/2018,67.18,67.760002,66.699997,67.389999,67.389999,624203
4/16/2018,67.239998,67.739998,66.129997,66.220001,66.220001,560076
4/17/2018,66.419998,66.75,65.559998,66.519997,66.519997,486076
4/18/2018,66.68,68.910004,66.559998,68.470001,68.470001,221664
4/19/2018,68.75,69.559998,67.980003,68.290001,68.290001,125993
4/20/2018,68.260002,68.620003,67.5,68.379997,68.379997,724906
4/23/2018,68.220001,69.029999,67.139999,68.639999,68.639999,740941
4/24/2018,68.949997,69.379997,67.540001,67.699997,67.699997,832296
4/25/2018,67.75,68.18,67.110001,68.050003,68.050003,764049
4/26/2018,68.029999,68.779999,67.709999,68.190002,68.190002,660549
4/27/2018,68.209999,68.360001,67.639999,68.099998,68.099998,542549
4/30/2018,68.150002,69.339996,67.169998,68.57,68.57,755186
5/1/2018,68.559998,68.900002,66.849998,67.25,67.25,694771
5/2/2018,67.489998,68.139999,66.919998,67.93,67.93,789367
5/3/2018,67.68,68.599998,67.209999,68.43,68.43,691219
5/4/2018,68.5,69.970001,68.120003,69.720001,69.720001,690876
5/7/2018,69.849998,70.839996,69.510002,70.730003,70.730003,758916
5/8/2018,70.029999,70.400002,67.629997,69.059998,69.059998,1253566
5/9/2018,70.050003,71.360001,69.849998,71.139999,71.139999,863386
5/10/2018,71.230003,71.889999,70.559998,71.360001,71.360001,749808
5/11/2018,71.449997,71.629997,70.449997,70.699997,70.699997,634145
5/14/2018,70.540001,71.260002,70.260002,70.959999,70.959999,592826
5/15/2018,71.150002,71.919998,70.419998,71.309998,71.309998,815289
5/16/2018,71.019997,71.589996,70.660004,71.489998,71.489998,574279
5/17/2018,71.559998,72.300003,71.089996,71.489998,71.489998,562639
5/18/2018,71.599998,71.75,70.989998,71.279999,71.279999,211785
5/21/2018,71.470001,72.589996,71.25,72.239998,72.239998,119892
5/22/2018,72.529999,72.830002,71.900002,72.129997,72.129997,723458
5/23/2018,72.110001,72.260002,71.190002,71.839996,71.839996,702791
5/24/2018,71.830002,72,70.519997,70.709999,70.709999,640725
5/25/2018,70.650002,70.800003,67.419998,67.879997,67.879997,955354
5/29/2018,66.489998,67.349998,65.919998,66.730003,66.730003,1059750
5/30/2018,66.849998,68.669998,66.349998,68.209999,68.209999,726886
5/31/2018,68.239998,68.300003,66.559998,67.040001,67.040001,917563
6/1/2018,67.07,67.339996,65.510002,65.809998,65.809998,781103
6/4/2018,65.709999,66.040001,64.57,64.75,64.75,696050
6/5/2018,64.940002,65.57,64.220001,65.519997,65.519997,714674
6/6/2018,65.510002,65.959999,64.269997,64.730003,64.730003,708829
6/7/2018,65.07,66.07,64.809998,65.949997,65.949997,675041
6/8/2018,65.980003,66.239998,65.150002,65.739998,65.739998,571224
6/11/2018,65.559998,66.349998,64.849998,66.099998,66.099998,558281
6/12/2018,66.050003,66.699997,65.870003,66.360001,66.360001,524411
6/13/2018,66.010002,66.889999,65.519997,66.639999,66.639999,626398
6/14/2018,66.620003,67.160004,66.360001,66.889999,66.889999,460168
6/15/2018,66.620003,67.160004,64.290001,65.059998,65.059998,512591
6/18/2018,64.400002,65.980003,63.59,65.849998,65.849998,218933
6/19/2018,65.82,65.900002,64.389999,65.07,65.07,122646
6/20/2018,65.110001,66.529999,65.010002,66.220001,66.220001,801625
6/21/2018,65.339996,66.220001,64.339996,65.540001,65.540001,760719
6/22/2018,65.93,69.379997,65.709999,68.580002,68.580002,1136232
6/25/2018,68.75,69.440002,67.779999,68.080002,68.080002,816207
6/26/2018,68.209999,70.910004,67.720001,70.529999,70.529999,848537
6/27/2018,70.68,73.059998,70.559998,72.760002,72.760002,775155
6/28/2018,72.269997,74.029999,72.199997,73.449997,73.449997,717347
6/29/2018,73.330002,74.459999,72.93,74.150002,74.150002,602399
7/2/2018,73.620003,74.349998,72.510002,73.940002,73.940002,652167
7/3/2018,null,null,null,null,null,null
7/5/2018,74.349998,74.800003,72.529999,72.940002,72.940002,841632
7/6/2018,73.160004,74.010002,72.139999,73.800003,73.800003,611419
7/9/2018,73.870003,74.279999,72.989998,73.849998,73.849998,533003
7/10/2018,74.040001,74.699997,73.650002,74.110001,74.110001,586829
7/11/2018,74.199997,74.260002,70.019997,70.379997,70.379997,861726
7/12/2018,70.599998,71.239998,69.230003,70.330002,70.330002,707887
7/13/2018,70.379997,71.660004,69.839996,71.010002,71.010002,530277
7/16/2018,70.519997,70.870003,67.580002,68.059998,68.059998,530480
7/17/2018,68.029999,68.440002,67.029999,68.080002,68.080002,440727
7/18/2018,67.610001,69.059998,67.040001,68.760002,68.760002,187313
7/19/2018,69,70.169998,67.800003,69.459999,69.459999,103220
7/20/2018,69.389999,71.099998,69.370003,70.459999,70.459999,500967
7/23/2018,68.169998,69.309998,67.599998,67.889999,67.889999,555915
7/24/2018,67.800003,69.050003,67.559998,68.519997,68.519997,524591
7/25/2018,68.769997,69.699997,68.199997,69.300003,69.300003,622913
7/26/2018,69.379997,69.919998,68.919998,69.610001,69.610001,489059
7/27/2018,69.580002,69.769997,68.260002,68.690002,68.690002,460450
7/30/2018,69.010002,70.43,68.800003,70.129997,70.129997,463011
7/31/2018,70.050003,70.220001,67.980003,68.760002,68.760002,519070
8/1/2018,68.43,68.519997,67.309998,67.660004,67.660004,576561
8/2/2018,67.860001,69.360001,66.919998,68.959999,68.959999,531071
8/3/2018,68.989998,69.239998,67.870003,68.489998,68.489998,476615
8/6/2018,68.650002,69.919998,68.5,69.010002,69.010002,495605
8/7/2018,68.900002,69.830002,68.809998,69.169998,69.169998,485027
8/8/2018,69.089996,69.370003,66.32,66.940002,66.940002,760313
8/9/2018,66.790001,67.410004,66.489998,66.809998,66.809998,509401
8/10/2018,66.739998,67.870003,66.139999,67.629997,67.629997,524490
8/13/2018,67.779999,67.949997,65.709999,67.199997,67.199997,578219
8/14/2018,67.419998,68.370003,66.580002,67.040001,67.040001,538484
8/15/2018,66.620003,66.900002,64.510002,65.010002,65.010002,573473
8/16/2018,64.949997,65.519997,64.43,65.459999,65.459999,383380
8/17/2018,65.470001,66.389999,65.300003,65.910004,65.910004,171403
8/20/2018,65.910004,66.68,65.589996,66.43,66.43,112709
8/21/2018,66.620003,68.099998,66.519997,67.349998,67.349998,437164
8/22/2018,66.080002,68.150002,65.980003,67.860001,67.860001,581899
8/23/2018,68.07,68.120003,67.32,67.830002,67.830002,450690
8/24/2018,67.900002,69.309998,67.779999,68.720001,68.720001,517796
8/27/2018,68.57,68.970001,68.339996,68.870003,68.870003,332612
8/28/2018,68.93,69.199997,68.209999,68.529999,68.529999,426833
8/29/2018,68.540001,69.760002,68.370003,69.510002,69.510002,497095
8/30/2018,69.709999,70.5,69.550003,70.25,70.25,445584
8/31/2018,70.059998,70.360001,69.639999,69.800003,69.800003,419739
9/4/2018,70.120003,71.400002,69.080002,69.870003,69.870003,785981
9/5/2018,69.43,69.589996,68.559998,68.720001,68.720001,542104
9/6/2018,68.639999,69.019997,67,67.769997,67.769997,633824
9/7/2018,67.879997,68.080002,66.860001,67.75,67.75,530895
9/10/2018,67.82,68.519997,67.330002,67.540001,67.540001,571174
9/11/2018,67.529999,70.010002,67.480003,69.25,69.25,676869
9/12/2018,69.889999,71.260002,69.5,70.370003,70.370003,800543
9/13/2018,70.239998,70.279999,68.349998,68.589996,68.589996,684937
9/14/2018,68.790001,69.910004,67.940002,68.989998,68.989998,611075
9/17/2018,68.93,69.720001,68.529999,68.910004,68.910004,422294
9/18/2018,68.800003,70.419998,68.529999,69.849998,69.849998,234202
9/19/2018,69.709999,71.5,69.650002,71.120003,71.120003,125208
9/20/2018,71.389999,71.809998,70.730003,70.800003,70.800003,607520
9/21/2018,70.199997,71.800003,69.980003,70.779999,70.779999,855943
9/24/2018,71.139999,72.739998,71.139999,72.080002,72.080002,576894
9/25/2018,72.25,72.779999,71.889999,72.279999,72.279999,551280
9/26/2018,72.089996,72.379997,71.470001,71.57,71.57,464463
9/27/2018,72.010002,72.599998,71.709999,72.120003,72.120003,454549
9/28/2018,72.18,73.730003,71.879997,73.25,73.25,544047
10/1/2018,73.290001,75.769997,72.949997,75.300003,75.300003,601451
10/2/2018,75.419998,75.910004,74.93,75.230003,75.230003,463615
10/3/2018,75.120003,76.900002,74.300003,76.410004,76.410004,698817
10/4/2018,76.18,76.470001,73.879997,74.330002,74.330002,687949
10/5/2018,74.669998,75.220001,73.839996,74.339996,74.339996,613218
10/8/2018,74.400002,74.580002,73.07,74.290001,74.290001,554938
10/9/2018,74.209999,75.279999,74,74.959999,74.959999,623537
10/10/2018,74.660004,75.080002,72.379997,73.169998,73.169998,652737
10/11/2018,72.68,72.760002,70.510002,70.970001,70.970001,783962
10/12/2018,70.989998,72.010002,70.639999,71.339996,71.339996,626668
10/15/2018,71.849998,72.699997,70.849998,71.779999,71.779999,568610
10/16/2018,71.720001,72.290001,71.019997,71.919998,71.919998,535003
10/17/2018,72.169998,72.43,69.43,69.75,69.75,651584
10/18/2018,70.029999,70.029999,68.470001,68.650002,68.650002,215337
10/19/2018,68.68,69.769997,68.559998,69.120003,69.120003,108311
10/22/2018,69.410004,69.650002,68.269997,69.169998,69.169998,513770
10/23/2018,69.550003,69.660004,65.739998,66.43,66.43,853265
10/24/2018,66.169998,67.720001,66.050003,66.82,66.82,775963
10/25/2018,66.360001,67.650002,65.989998,67.330002,67.330002,573096
10/26/2018,66.949997,67.879997,66.199997,67.589996,67.589996,595211
10/29/2018,67.550003,67.949997,66.290001,67.040001,67.040001,477487
10/30/2018,66.68,67.260002,65.330002,66.18,66.18,680441
10/31/2018,66.32,67,64.809998,65.309998,65.309998,666487
11/1/2018,64.879997,65.389999,63.110001,63.689999,63.689999,790286
11/2/2018,63.5,63.950001,62.630001,63.139999,63.139999,708906
11/5/2018,62.990002,64.139999,62.52,63.099998,63.099998,609129
11/6/2018,62.700001,63.32,61.310001,62.209999,62.209999,761240
11/7/2018,61.740002,63.18,61.200001,61.669998,61.669998,866628
11/8/2018,61.639999,62.419998,60.400002,60.669998,60.669998,764546
11/9/2018,60.75,60.790001,59.259998,60.189999,60.189999,821729
11/12/2018,60.700001,61.279999,58.68,59.93,59.93,806219
11/13/2018,58.880001,59.349998,54.75,55.689999,55.689999,1095643
11/14/2018,55.27,57.369999,55.130001,56.25,56.25,844696
11/15/2018,56.02,57.259998,55.59,56.459999,56.459999,256499
11/16/2018,56.580002,57.959999,55.889999,56.459999,56.459999,159001
11/19/2018,56.720001,57.330002,55.080002,56.759998,56.759998,699684
11/20/2018,57.389999,57.439999,52.77,53.43,53.43,983120
11/21/2018,53.389999,55.860001,53.389999,54.630001,54.630001,734277
11/23/2018,null,null,null,null,null,null
11/26/2018,50.619999,52.25,50.099998,51.630001,51.630001,663108
11/27/2018,51.540001,52.380001,50.299999,51.560001,51.560001,764010
11/28/2018,52.09,52.560001,50.060001,50.290001,50.290001,831688
11/29/2018,50.310001,52.200001,49.41,51.450001,51.450001,812721
11/30/2018,51.27,51.790001,49.650002,50.93,50.93,796714
12/3/2018,52.450001,53.849998,52.029999,52.950001,52.950001,758010
12/4/2018,53.130001,54.549999,52.43,53.25,53.25,738130
12/6/2018,52.93,53.299999,50.080002,51.490002,51.490002,987266
12/7/2018,51.759998,54.220001,50.599998,52.610001,52.610001,987717
12/10/2018,52.029999,52.810001,50.529999,51,51,733225
12/11/2018,50.889999,52.43,50.700001,51.650002,51.650002,665262
12/12/2018,51.950001,52.880001,50.939999,51.150002,51.150002,730810
12/13/2018,51.200001,53.27,50.349998,52.580002,52.580002,733627
12/14/2018,52.830002,52.950001,50.84,51.200001,51.200001,526839
12/17/2018,51.25,51.869999,49.009998,49.880001,49.880001,211257
12/18/2018,49.16,49.59,45.790001,46.240002,46.240002,120101
12/19/2018,45.93,48,45.93,47.200001,47.200001,817721
12/20/2018,47.389999,47.509998,45.669998,45.880001,45.880001,794130
12/21/2018,46.25,46.77,45.130001,45.59,45.59,694003
12/24/2018,null,null,null,null,null,null
12/26/2018,42.849998,47,42.52,46.220001,46.220001,698408
12/27/2018,46.580002,46.700001,44.369999,44.610001,44.610001,665590
12/28/2018,45.439999,46.220001,44.419998,45.330002,45.330002,564385
12/31/2018,45.220001,46.529999,44.73,45.41,45.41,476970
1/2/2019,45.799999,47.779999,44.349998,46.540001,46.540001,850480
1/3/2019,46.259998,47.490002,45.349998,47.09,47.09,788718
1/4/2019,46.900002,49.220001,46.650002,47.959999,47.959999,817277
1/7/2019,48.299999,49.790001,48.110001,48.52,48.52,819939
1/8/2019,48.73,49.950001,48.310001,49.779999,49.779999,765981
1/9/2019,49.799999,52.580002,49.709999,52.360001,52.360001,891922
1/10/2019,52.18,52.779999,51.369999,52.59,52.59,821782
1/11/2019,52.279999,53.310001,51.18,51.59,51.59,812339
1/14/2019,51.73,52.110001,50.380001,50.509998,50.509998,791527
1/15/2019,50.779999,52.299999,50.639999,52.110001,52.110001,664183
1/16/2019,52,52.52,51.259998,52.310001,52.310001,694182
1/17/2019,52.299999,52.580002,50.98,52.07,52.07,288560
1/18/2019,52.23,53.919998,52.09,53.799999,53.799999,193099
1/22/2019,53.73,54.240002,51.799999,52.57,52.57,951158
1/23/2019,52.950001,53.639999,51.860001,52.619999,52.619999,702866
1/24/2019,52.450001,53.470001,52.07,53.130001,53.130001,714415
1/25/2019,53.169998,53.939999,52.91,53.689999,53.689999,593385
1/28/2019,53.560001,53.639999,51.330002,51.990002,51.990002,650667
1/29/2019,52.119999,53.93,51.84,53.310001,53.310001,660527
1/30/2019,53.240002,54.93,53.09,54.23,54.23,731312
1/31/2019,54.279999,55.369999,53.619999,53.790001,53.790001,718650
2/1/2019,54.009998,55.66,53.369999,55.259998,55.259998,689566
2/4/2019,55.32,55.75,53.290001,54.560001,54.560001,622472
2/5/2019,54.860001,55.209999,53.470001,53.66,53.66,609756
2/6/2019,53.73,54.299999,52.860001,54.009998,54.009998,606720
2/7/2019,53.939999,54.209999,51.799999,52.639999,52.639999,749010
2/8/2019,52.59,52.990002,52.080002,52.720001,52.720001,621003
2/11/2019,52.66,52.779999,51.23,52.41,52.41,750242
2/12/2019,52.470001,54.049999,52.290001,53.099998,53.099998,708312
2/13/2019,53.349998,54.599998,53.27,53.900002,53.900002,706552
2/14/2019,53.959999,54.68,53.080002,54.41,54.41,623546
2/15/2019,54.48,55.869999,54.240002,55.59,55.59,276907
2/19/2019,55.779999,56.330002,55.290001,56.09,56.09,153728
2/20/2019,55.939999,57.549999,55.48,56.919998,56.919998,685111
2/21/2019,57.240002,57.610001,56.639999,56.959999,56.959999,546202
2/22/2019,56.84,57.810001,56.709999,57.259998,57.259998,513439
2/25/2019,57.169998,57.529999,55.080002,55.48,55.48,723012
2/26/2019,55.459999,56.080002,55.02,55.5,55.5,538919
2/27/2019,55.950001,57.389999,55.720001,56.939999,56.939999,577227
2/28/2019,57,57.43,56.43,57.220001,57.220001,496678
3/1/2019,57.220001,57.880001,55.57,55.799999,55.799999,684186
3/4/2019,55.830002,57,55.810001,56.59,56.59,549396
3/5/2019,56.450001,57.189999,56.09,56.560001,56.560001,538399
3/6/2019,56.279999,56.400002,55.419998,56.220001,56.220001,637677
3/7/2019,56.200001,56.990002,56.080002,56.66,56.66,628824
3/8/2019,56.43,56.509998,54.52,56.07,56.07,747358
3/11/2019,56.07,57.009998,55.959999,56.790001,56.790001,597156
3/12/2019,56.759998,57.549999,56.740002,56.869999,56.869999,652798
3/13/2019,57.09,58.48,57.009998,58.259998,58.259998,610616
3/14/2019,58.349998,58.740002,58,58.610001,58.610001,567604
3/15/2019,58.509998,58.950001,57.740002,58.52,58.52,507393
3/18/2019,58.450001,59.23,58.049999,59.09,59.09,157241
3/19/2019,59.009998,59.57,58.619999,59.029999,59.029999,114822
3/20/2019,59.02,60.119999,58.389999,59.830002,59.830002,786342
3/21/2019,59.990002,60.389999,59.66,59.98,59.98,655380
3/22/2019,59.869999,60.07,58.279999,59.040001,59.040001,738840
3/25/2019,58.98,59.349998,58.169998,58.82,58.82,705399
3/26/2019,59.119999,60.380001,59.040001,59.939999,59.939999,685988
3/27/2019,60.029999,60.220001,58.810001,59.41,59.41,732150
3/28/2019,59.400002,59.560001,58.200001,59.299999,59.299999,712209
3/29/2019,59.529999,60.73,59.41,60.139999,60.139999,705559
4/1/2019,60.240002,61.799999,60.130001,61.59,61.59,670808
4/2/2019,61.810001,62.75,61.599998,62.580002,62.580002,793227
4/3/2019,62.639999,62.990002,62.049999,62.459999,62.459999,799672
4/4/2019,62.5,62.77,61.889999,62.099998,62.099998,684973
4/5/2019,62.18,63.34,61.82,63.080002,63.080002,686862
4/8/2019,63.330002,64.480003,63.130001,64.400002,64.400002,895767
4/9/2019,64.400002,64.790001,63.68,63.98,63.98,790677
4/10/2019,64.220001,64.699997,64.050003,64.610001,64.610001,722216
4/11/2019,64.480003,64.489998,63.310001,63.580002,63.580002,760504
4/12/2019,63.709999,64.650002,63.66,63.889999,63.889999,625588
4/15/2019,63.759998,63.84,63.029999,63.400002,63.400002,555858
4/16/2019,63.57,64.370003,62.990002,64.050003,64.050003,547469
4/17/2019,64.32,64.610001,63.66,63.759998,63.759998,235376
4/18/2019,63.75,64.160004,63.459999,64,64,148238
4/22/2019,64,65.919998,64,65.699997,65.699997,763527
4/23/2019,65.75,66.599998,65.580002,66.300003,66.300003,700598
4/24/2019,66.169998,66.43,65.660004,65.889999,65.889999,678386
4/25/2019,65.809998,66.279999,64.900002,65.209999,65.209999,603001
4/26/2019,65.129997,65.18,62.279999,63.299999,63.299999,1000836
4/29/2019,62.950001,63.689999,62.459999,63.5,63.5,654076
4/30/2019,63.580002,64.75,63.299999,63.91,63.91,750494
5/1/2019,63.400002,63.93,62.77,63.599998,63.599998,676872
5/2/2019,63.610001,63.68,60.950001,61.810001,61.810001,914661
5/3/2019,61.549999,62.52,61.299999,61.939999,61.939999,646866
5/6/2019,61.43,62.950001,60.040001,62.25,62.25,768810
5/7/2019,62.169998,62.490002,60.66,61.400002,61.400002,842810
5/8/2019,61.439999,62.369999,61.07,62.119999,62.119999,791769
5/9/2019,62.02,62.209999,60.919998,61.700001,61.700001,769583
5/10/2019,61.639999,62.490002,61.419998,61.66,61.66,786494
5/13/2019,61.650002,63.330002,60.639999,61.040001,61.040001,1003106
5/14/2019,60.860001,62.110001,60.689999,61.779999,61.779999,751668
5/15/2019,61.369999,62.34,60.849998,62.02,62.02,723001
5/16/2019,62.119999,63.48,62.080002,62.869999,62.869999,545679
5/17/2019,63.119999,63.639999,62.52,62.759998,62.759998,215802
5/20/2019,63.529999,63.810001,62.450001,63.099998,63.099998,131888
5/21/2019,63.279999,63.599998,62.75,62.990002,62.990002,641680
5/22/2019,62.639999,62.779999,61.029999,61.419998,61.419998,766728
5/23/2019,61.27,61.290001,57.330002,57.91,57.91,1108052
5/24/2019,58.209999,59.099998,57.5,58.630001,58.630001,758099
5/28/2019,58.939999,59.57,58.130001,59.139999,59.139999,1020323
5/29/2019,59.07,59.139999,56.880001,58.810001,58.810001,1124959
5/30/2019,59.119999,59.700001,56.330002,56.59,56.59,842281
5/31/2019,56.459999,56.610001,53.049999,53.5,53.5,1031488
6/3/2019,53.419998,54.630001,52.110001,53.25,53.25,984308
6/4/2019,52.889999,53.779999,52.43,53.48,53.48,831625
6/5/2019,52.860001,53.41,50.599998,51.68,51.68,943186
6/6/2019,51.66,53.299999,51.169998,52.59,52.59,790067
6/7/2019,53.099998,54.32,52.619999,53.990002,53.990002,828133
6/10/2019,54.240002,54.84,53.049999,53.259998,53.259998,687146
6/11/2019,53.43,54.040001,52.91,53.27,53.27,642940
6/12/2019,53.040001,53.049999,50.720001,51.139999,51.139999,786105
6/13/2019,51.07,53.450001,50.919998,52.279999,52.279999,945024
6/14/2019,52.18,52.98,51.700001,52.509998,52.509998,574229
6/17/2019,52.5,52.740002,51.580002,51.93,51.93,397868
6/18/2019,51.950001,54.310001,51.5,53.900002,53.900002,181640
6/19/2019,54.09,54.419998,53.279999,53.759998,53.759998,122838
6/20/2019,54.119999,57.02,54.110001,56.650002,56.650002,854514
6/21/2019,57.259998,57.98,56.66,57.43,57.43,676047
6/24/2019,57.720001,58.220001,56.75,57.900002,57.900002,597164
6/25/2019,57.740002,58.84,57.200001,57.830002,57.830002,673140
6/26/2019,58.84,59.93,58.650002,59.380001,59.380001,686817
6/27/2019,59.27,59.73,58.610001,59.43,59.43,531405
6/28/2019,59.220001,59.799999,57.75,58.470001,58.470001,556101
7/1/2019,59.27,60.279999,58.34,59.09,59.09,674887
7/2/2019,59.139999,59.43,56.09,56.25,56.25,878938
7/3/2019,null,null,null,null,null,null
7/5/2019,57.380001,57.82,56.290001,57.509998,57.509998,698015
7/8/2019,57.77,58.459999,57.299999,57.66,57.66,540861
7/9/2019,57.560001,59.099998,57.290001,57.830002,57.830002,551872
7/10/2019,58.400002,60.529999,58.349998,60.43,60.43,690656
7/11/2019,60.439999,60.939999,60.139999,60.200001,60.200001,573019
7/12/2019,60.459999,60.740002,59.93,60.209999,60.209999,469029
7/15/2019,60.25,60.919998,59.200001,59.580002,59.580002,566818
7/16/2019,59.259998,60.060001,57.07,57.619999,57.619999,712540
7/17/2019,57.52,58.360001,56.209999,56.779999,56.779999,504432
7/18/2019,56.599998,57.32,54.720001,55.299999,55.299999,215361
7/19/2019,55.720001,56.360001,54.990002,55.630001,55.630001,105217
7/22/2019,56.220001,56.84,55.720001,56.220001,56.220001,619483
7/23/2019,56.169998,57.470001,55.740002,56.77,56.77,521876
7/24/2019,57.23,57.639999,55.330002,55.880001,55.880001,745248
7/25/2019,55.900002,56.990002,55.810001,56.02,56.02,559282
7/26/2019,55.93,56.57,55.68,56.200001,56.200001,476785
7/29/2019,56.200001,57.099998,55.810001,56.869999,56.869999,529742
7/30/2019,57.07,58.470001,56.959999,58.049999,58.049999,547401
7/31/2019,58.34,58.82,57.810001,58.580002,58.580002,614001
8/1/2019,57.849998,57.990002,53.59,53.950001,53.950001,886748
8/2/2019,54.540001,56.049999,54.150002,55.66,55.66,739810
8/5/2019,55.380001,55.610001,54.220001,54.689999,54.689999,823844
8/6/2019,54.950001,55.419998,53.290001,53.630001,53.630001,682794
8/7/2019,53.419998,53.77,50.52,51.09,51.09,1063214
8/8/2019,52.330002,53.060001,51.939999,52.540001,52.540001,724762
8/9/2019,52.880001,54.919998,52.369999,54.5,54.5,726386
8/12/2019,54.32,55.18,53.540001,54.93,54.93,611027
8/13/2019,54.73,57.470001,54.209999,57.099998,57.099998,783486
8/14/2019,56.740002,56.849998,53.970001,55.23,55.23,718293
8/15/2019,54.900002,55.330002,53.77,54.470001,54.470001,527866
8/16/2019,54.740002,55.669998,54.259998,54.869999,54.869999,168345
8/19/2019,54.959999,56.41,54.84,56.209999,56.209999,113571
8/20/2019,56.099998,56.599998,55.279999,56.34,56.34,659258
8/21/2019,56.049999,57.130001,55.549999,55.68,55.68,704035
8/22/2019,55.939999,56.459999,54.849998,55.349998,55.349998,621573
8/23/2019,55.349998,55.599998,53.240002,54.169998,54.169998,807151
8/26/2019,53.25,55.259998,52.959999,53.639999,53.639999,679022
8/27/2019,53.759998,55.720001,53.689999,54.93,54.93,596624
8/28/2019,55.709999,56.75,55.34,55.779999,55.779999,674048
8/29/2019,55.880001,56.889999,55.43,56.709999,56.709999,630760
8/30/2019,56.630001,56.720001,54.549999,55.099998,55.099998,708268
9/3/2019,55,55.240002,52.84,53.939999,53.939999,970804
9/4/2019,53.919998,56.580002,53.84,56.259998,56.259998,682298
9/5/2019,55.950001,57.759998,55.75,56.299999,56.299999,712466
9/6/2019,56.189999,56.950001,54.830002,56.52,56.52,714294
9/9/2019,56.799999,58.16,56.580002,57.849998,57.849998,646993
9/10/2019,58.029999,58.759998,57.200001,57.400002,57.400002,755472
9/11/2019,57.889999,58.299999,55.610001,55.75,55.75,858772
9/12/2019,55.93,56.34,54,55.09,55.09,845977
9/13/2019,55.150002,55.68,54.439999,54.849998,54.849998,599470
9/16/2019,61.48,63.380001,58.77,62.900002,62.900002,1404916
9/17/2019,61.959999,62.59,58.459999,59.34,59.34,993237
9/18/2019,58.810001,59.43,57.669998,58.110001,58.110001,216961
9/19/2019,58.200001,59.540001,58.009998,58.130001,58.130001,112327
9/20/2019,58.650002,59.099998,57.790001,58.09,58.09,576019
9/23/2019,59.25,59.389999,57.369999,58.639999,58.639999,526785
9/24/2019,58.439999,58.490002,56.689999,57.290001,57.290001,591529
9/25/2019,56.700001,57.02,55.549999,56.490002,56.490002,563550
9/26/2019,56.689999,56.84,55.41,56.41,56.41,599653
9/27/2019,56.509998,56.759998,54.75,55.91,55.91,712966
9/30/2019,56.540001,56.57,53.98,54.07,54.07,532522
10/1/2019,54.279999,54.84,53.049999,53.619999,53.619999,589176
10/2/2019,54,54.419998,52.169998,52.639999,52.639999,590306
10/3/2019,52.470001,52.91,50.990002,52.450001,52.450001,642466
10/4/2019,52.290001,53.349998,52.040001,52.810001,52.810001,541104
10/7/2019,52.689999,54.060001,52.59,52.75,52.75,549019
10/8/2019,52.810001,53.27,51.810001,52.630001,52.630001,658324
10/9/2019,52.57,53.740002,52.310001,52.59,52.59,632666
10/10/2019,52.689999,53.970001,51.380001,53.549999,53.549999,613944
10/11/2019,53.880001,54.93,53.639999,54.700001,54.700001,467643
10/14/2019,54.900002,54.900002,52.77,53.59,53.59,467643
10/15/2019,53.509998,53.790001,52.389999,52.810001,52.810001,511249
10/16/2019,52.919998,53.740002,52.52,53.360001,53.360001,451643
10/17/2019,52.990002,54.16,52.619999,53.93,53.93,418422
10/18/2019,54.09,54.619999,53.349998,53.779999,53.779999,174477
10/21/2019,53.709999,54.029999,52.709999,53.310001,53.310001,95979
10/22/2019,53.389999,54.619999,53.099998,54.16,54.16,506573
10/23/2019,54.299999,56.07,53.619999,55.970001,55.970001,620202
10/24/2019,55.900002,56.509998,55.41,56.23,56.23,480764
10/25/2019,56.07,56.740002,55.599998,56.66,56.66,445020
10/28/2019,56.650002,56.919998,55.580002,55.810001,55.810001,437020
10/29/2019,55.799999,55.91,54.610001,55.540001,55.540001,521457
10/30/2019,55.529999,55.73,54.419998,55.060001,55.060001,659328
10/31/2019,54.900002,55.59,53.709999,54.18,54.18,677419
11/1/2019,54.150002,56.330002,54.07,56.200001,56.200001,538117
11/4/2019,56.41,57.43,55.830002,56.540001,56.540001,580350
11/5/2019,56.560001,57.5,56.299999,57.23,57.23,435319
11/6/2019,57.259998,57.849998,56.110001,56.349998,56.349998,623258
11/7/2019,56.349998,57.880001,56.27,57.150002,57.150002,678165
11/8/2019,57.080002,57.48,55.759998,57.240002,57.240002,636941
11/11/2019,57.400002,57.400002,56.25,56.860001,56.860001,498981
11/12/2019,56.889999,57.549999,56.540001,56.799999,56.799999,586568
11/13/2019,56.790001,57.529999,56.200001,57.119999,57.119999,547635
11/14/2019,57.389999,57.790001,56.630001,56.77,56.77,516832
11/15/2019,56.91,57.970001,56.43,57.720001,57.720001,375993
11/18/2019,57.880001,58.09,56.549999,57.049999,57.049999,159328
11/19/2019,56.900002,57.110001,55.040001,55.209999,55.209999,121214
11/20/2019,55.16,57.25,54.759998,57.110001,57.110001,674891
11/21/2019,57,58.669998,56.599998,58.580002,58.580002,593533
11/22/2019,58.310001,58.740002,57.5,57.77,57.77,508244
11/25/2019,57.919998,58.150002,57.209999,58.009998,58.009998,420642
11/26/2019,57.919998,58.560001,57.759998,58.41,58.41,443816
11/27/2019,58.27,58.68,57.509998,58.110001,58.110001,454256
11/29/2019,null,null,null,null,null,null
12/2/2019,55.470001,56.669998,55.419998,55.959999,55.959999,616423
12/3/2019,55.959999,56.799999,55.349998,56.099998,56.099998,560554
12/4/2019,56.43,58.66,56.279999,58.43,58.43,760541
12/5/2019,58.360001,59.119999,58.099998,58.43,58.43,649461
12/6/2019,58.32,59.849998,57.700001,59.200001,59.200001,679609
12/9/2019,59.110001,59.25,58.23,59.02,59.02,511561
12/10/2019,58.919998,59.52,58.52,59.240002,59.240002,566822
12/11/2019,59.060001,59.220001,58.110001,58.759998,58.759998,589650
12/12/2019,58.880001,59.720001,58.75,59.18,59.18,530851
12/13/2019,59.360001,60.48,59.27,60.07,60.07,512288
12/16/2019,59.869999,60.34,59.709999,60.209999,60.209999,347395
12/17/2019,60.23,61.060001,60.029999,60.939999,60.939999,163744
12/18/2019,60.549999,61.18,60.32,60.93,60.93,131071
12/19/2019,60.860001,61.470001,60.790001,61.220001,61.220001,426341
12/20/2019,61.110001,61.200001,60.02,60.439999,60.439999,552517
12/23/2019,60.41,60.77,60.099998,60.52,60.52,314711
12/24/2019,null,null,null,null,null,null
12/26/2019,61.200001,61.830002,61.060001,61.68,61.68,265091
12/27/2019,61.73,61.970001,61.240002,61.720001,61.720001,351899
12/30/2019,61.709999,62.34,61.09,61.68,61.68,427149
12/31/2019,61.68,61.880001,60.630001,61.060001,61.060001,494535
1/2/2020,61.599998,61.599998,60.639999,61.18,61.18,486873
1/3/2020,61.18,64.089996,61.130001,63.049999,63.049999,885861
1/6/2020,63.709999,64.720001,62.639999,63.27,63.27,724236
1/7/2020,62.91,63.150002,62.110001,62.700001,62.700001,582649
1/8/2020,62.84,65.650002,59.150002,59.610001,59.610001,1205710
1/9/2020,59.990002,60.310001,58.66,59.560001,59.560001,750933
1/10/2020,59.610001,59.779999,58.849998,59.040001,59.040001,596186
1/13/2020,59.040001,59.27,57.91,58.080002,58.080002,584002
1/14/2020,58.029999,58.720001,57.720001,58.23,58.23,507714
1/15/2020,58.200001,58.360001,57.360001,57.810001,57.810001,433169
1/16/2020,58.099998,58.869999,57.560001,58.52,58.52,182871
1/17/2020,58.59,58.98,58.27,58.540001,58.540001,122561
1/21/2020,59.169998,59.73,57.68,58.34,58.34,648335
1/22/2020,58.259998,58.380001,56.029999,56.740002,56.740002,620119
1/23/2020,56.110001,56.27,54.77,55.59,55.59,703995
1/24/2020,55.689999,55.950001,53.849998,54.189999,54.189999,586195
1/27/2020,53.700001,53.709999,52.130001,53.139999,53.139999,712880
1/28/2020,52.77,54.060001,52.68,53.48,53.48,633963
1/29/2020,53.970001,54.369999,52.810001,53.330002,53.330002,624979
1/30/2020,53.09,53.200001,51.66,52.139999,52.139999,720123
1/31/2020,52.919998,53.360001,50.970001,51.560001,51.560001,827907
2/3/2020,51.009998,51.970001,49.799999,50.110001,50.110001,876044
2/4/2020,49.939999,51.549999,49.310001,49.610001,49.610001,859357
2/5/2020,49.509998,51.880001,49.470001,50.75,50.75,887946
2/6/2020,51.169998,52.200001,50.240002,50.950001,50.950001,750659
2/7/2020,51.110001,51.48,50.09,50.32,50.32,768345
2/10/2020,50.119999,50.490002,49.419998,49.57,49.57,715894
2/11/2020,49.610001,50.689999,49.580002,49.939999,49.939999,725733
2/12/2020,49.959999,51.73,49.950001,51.169998,51.169998,795256
2/13/2020,51.720001,51.959999,50.599998,51.419998,51.419998,745400
2/14/2020,51.509998,52.34,51.32,52.049999,52.049999,607343
2/18/2020,52.23,52.41,50.880001,52.049999,52.049999,221774
2/19/2020,52.119999,53.66,51.93,53.290001,53.290001,113683
2/20/2020,53.5,54.5,53.220001,53.779999,53.779999,676179
2/21/2020,53.740002,53.860001,52.549999,53.380001,53.380001,707555
2/24/2020,52.599998,52.639999,50.450001,51.43,51.43,765515
2/25/2020,51.369999,52.02,49.689999,49.900002,49.900002,764989
2/26/2020,50.080002,50.439999,48.299999,48.73,48.73,884482
2/27/2020,48.630001,48.779999,45.880001,47.09,47.09,1011915
2/28/2020,46.490002,47.029999,43.849998,44.759998,44.759998,1101659
3/2/2020,43.700001,47.560001,43.32,46.75,46.75,949471
3/3/2020,47.720001,48.66,46.470001,47.18,47.18,1011933
3/4/2020,46.939999,48.41,46.650002,46.779999,46.779999,745856
3/5/2020,47.130001,47.57,45.650002,45.900002,45.900002,704591
3/6/2020,46.09,46.380001,41.049999,41.279999,41.279999,1276180
3/9/2020,32.869999,34.880001,27.34,31.129999,31.129999,1774383
3/10/2020,30.370001,35.02,30.200001,34.360001,34.360001,1064632
3/11/2020,34.619999,36.349998,32.560001,32.98,32.98,874646
3/12/2020,33.07,33.630001,30.02,31.5,31.5,1025036
3/13/2020,30.77,33.869999,30.33,31.73,31.73,743129
3/16/2020,33.75,33.75,28.1,28.700001,28.700001,698829
3/17/2020,28.690001,30.299999,26.629999,26.950001,26.950001,545820
3/18/2020,26.940001,27.219999,20.059999,20.370001,20.370001,309481
3/19/2020,22.299999,27.709999,21.360001,25.219999,25.219999,136722
3/20/2020,24.73,27.889999,19.459999,22.43,22.43,1133808
3/23/2020,22.52,24.07,20.799999,23.360001,23.360001,852951
3/24/2020,23.870001,25.16,23.09,24.01,24.01,659697
3/25/2020,24.370001,25.24,22.91,24.49,24.49,618725
3/26/2020,24.25,24.65,22.379999,22.6,22.6,633877
3/27/2020,23.290001,23.440001,20.879999,21.51,21.51,603124
3/30/2020,20.93,20.93,19.27,20.09,20.09,758711
3/31/2020,20.23,21.889999,20.01,20.48,20.48,660082
4/1/2020,20.1,21.549999,19.9,20.309999,20.309999,703286
4/2/2020,21.219999,27.389999,20.76,25.32,25.32,1095972
4/3/2020,24.809999,29.129999,23.52,28.34,28.34,1007577
4/6/2020,26.09,28.24,25.280001,26.08,26.08,752710
4/7/2020,26.34,27.24,23.540001,23.629999,23.629999,797707
4/8/2020,24.299999,26.450001,23.74,25.09,25.09,823554
4/9/2020,26.280001,28.360001,22.57,22.76,22.76,1122149
4/13/2020,24.6,24.74,22.030001,22.41,22.41,775120
4/14/2020,22.360001,23.08,19.950001,20.110001,20.110001,785478
4/15/2020,20.719999,20.889999,19.200001,19.870001,19.870001,544797
4/16/2020,20.15,20.530001,19.42,19.870001,19.870001,350942
4/17/2020,20,20.219999,17.309999,18.27,18.27,240628
4/20/2020,17.73,17.85,-40.32,-37.630001,-37.630001,247947
4/21/2020,-14,13.86,-16.74,10.01,10.01,2288230
4/22/2020,13.12,16.18,10.26,13.78,13.78,1235218
4/23/2020,14.2,18.26,13.35,16.5,16.5,833584
4/24/2020,16.780001,17.969999,15.64,16.940001,16.940001,600220
4/27/2020,16.84,16.98,11.88,12.78,12.78,623201
4/28/2020,12.96,13.69,10.07,12.34,12.34,897087
4/29/2020,13.35,16.780001,12.67,15.06,15.06,554134
4/30/2020,15.64,19.440001,15.45,18.84,18.84,545344
5/1/2020,19.040001,20.48,18.07,19.780001,19.780001,403201
5/4/2020,19.110001,21.42,18.049999,20.389999,20.389999,311488
5/5/2020,21.24,25.49,21.129999,24.559999,24.559999,387240
5/6/2020,25.52,26.08,22.58,23.99,23.99,381165
5/7/2020,24.09,26.74,22.940001,23.549999,23.549999,310261
5/8/2020,23.35,24.99,23.26,24.74,24.74,205181
5/11/2020,24.49,25.58,23.67,24.139999,24.139999,179591
5/12/2020,24.49,26.23,24.219999,25.780001,25.780001,212335
5/13/2020,25.299999,26.450001,24.790001,25.290001,25.290001,150864
5/14/2020,25.559999,27.959999,25.18,27.559999,27.559999,160507
5/15/2020,27.639999,29.92,27.24,29.43,29.43,108016
5/18/2020,29.530001,33.32,29.530001,31.82,31.82,89376
5/19/2020,32.830002,33.439999,31.34,32.5,32.5,430823
5/20/2020,31.889999,33.779999,31.559999,33.490002,33.490002,406431
5/21/2020,33.529999,34.66,33.259998,33.919998,33.919998,372814
5/22/2020,33.950001,34,30.719999,33.25,33.25,429036
5/26/2020,33.299999,34.810001,32.48,34.349998,34.349998,466737
5/27/2020,34.139999,34.32,31.75,32.810001,32.810001,415246
5/28/2020,32.099998,34.209999,31.139999,33.709999,33.709999,440168
5/29/2020,33.68,35.77,32.360001,35.490002,35.490002,443647
6/1/2020,35.209999,35.900002,34.27,35.439999,35.439999,385710
6/2/2020,35.560001,37.060001,35.279999,36.810001,36.810001,343483
6/3/2020,36.860001,38.18,35.880001,37.290001,37.290001,494253
6/4/2020,36.759998,37.619999,36.380001,37.41,37.41,307612
6/5/2020,37.330002,39.68,37.049999,39.549999,39.549999,396856
6/8/2020,39.41,40.439999,37.959999,38.189999,38.189999,416639
6/9/2020,38.220001,39.099998,37.07,38.939999,38.939999,396033
6/10/2020,38.5,39.91,37.73,39.599998,39.599998,385868
6/11/2020,39.09,39.09,35.41,36.34,36.34,513912
6/12/2020,36.259998,36.990002,34.48,36.259998,36.259998,406508
6/15/2020,36.029999,37.259998,34.360001,37.119999,37.119999,387546
6/16/2020,37.049999,39.060001,36.380001,38.380001,38.380001,366323
6/17/2020,37.93,38.75,37.209999,37.959999,37.959999,239516
6/18/2020,37.740002,38.970001,37.110001,38.84,38.84,113384
6/19/2020,38.849998,40.490002,38.400002,39.75,39.75,64113
6/22/2020,39.18,40.700001,39.119999,40.459999,40.459999,315264
6/23/2020,40.68,41.630001,39.759998,40.369999,40.369999,368730
6/24/2020,39.990002,40.540001,37.310001,38.009998,38.009998,499490
6/25/2020,38.049999,39.23,37.080002,38.720001,38.720001,451640
6/26/2020,39.09,39.349998,37.790001,38.490002,38.490002,356712
6/29/2020,37.959999,39.889999,37.5,39.700001,39.700001,343913
6/30/2020,39.639999,40.080002,38.849998,39.27,39.27,370059
7/1/2020,39.84,40.580002,39.049999,39.82,39.82,407170
7/2/2020,39.779999,40.740002,39.459999,40.650002,40.650002,347096
7/6/2020,40.380001,41.080002,39.84,40.630001,40.630001,373236
7/7/2020,40.68,40.950001,39.900002,40.619999,40.619999,256596
7/8/2020,40.48,41.080002,40.299999,40.900002,40.900002,286740
7/9/2020,40.869999,40.990002,39.27,39.619999,39.619999,367386
7/10/2020,39.580002,40.77,38.540001,40.549999,40.549999,393149
7/13/2020,40.349998,40.720001,39.470001,40.099998,40.099998,370715
7/14/2020,39.599998,40.57,39.07,40.290001,40.290001,426971
7/15/2020,40.549999,41.259998,40.080002,41.200001,41.200001,352542
7/16/2020,40.970001,41.18,40.52,40.75,40.75,200101
7/17/2020,40.720001,40.900002,40.02,40.59,40.59,88220
7/20/2020,40.639999,40.91,39.830002,40.810001,40.810001,60179
7/21/2020,40.650002,42.400002,40.639999,41.959999,41.959999,389117
7/22/2020,41.540001,42.029999,41.139999,41.900002,41.900002,333647
7/23/2020,41.950001,42.360001,40.830002,41.07,41.07,389412
7/24/2020,41.060001,41.669998,40.66,41.290001,41.290001,353159
7/27/2020,41.259998,41.82,40.48,41.599998,41.599998,377714
7/28/2020,41.650002,41.93,40.849998,41.040001,41.040001,276804
7/29/2020,41.130001,41.57,40.93,41.27,41.27,295855
7/30/2020,41.32,41.389999,38.720001,39.919998,39.919998,487325
7/31/2020,40.34,40.549999,39.66,40.27,40.27,318788
8/3/2020,40.389999,41.240002,39.580002,41.009998,41.009998,338326
8/4/2020,40.779999,42.080002,40.139999,41.700001,41.700001,451575
8/5/2020,41.560001,43.52,41.470001,42.189999,42.189999,491268
8/6/2020,42.189999,42.650002,41.610001,41.950001,41.950001,359610
8/7/2020,41.970001,42.220001,41.060001,41.220001,41.220001,398997
8/10/2020,41.5,42.330002,41.169998,41.939999,41.939999,367796
8/11/2020,41.98,42.939999,41.48,41.610001,41.610001,432843
8/12/2020,41.619999,42.900002,41.529999,42.669998,42.669998,397831
8/13/2020,42.57,42.84,42.09,42.240002,42.240002,329507
8/14/2020,42.330002,42.57,41.619999,42.009998,42.009998,310866
8/17/2020,42.240002,42.970001,41.799999,42.889999,42.889999,208429
8/18/2020,42.790001,42.990002,42.110001,42.889999,42.889999,111628
8/19/2020,42.599998,43.029999,42.360001,42.93,42.93,81299
8/20/2020,42.740002,42.790001,41.5,42.580002,42.580002,377070
8/21/2020,42.75,42.959999,41.459999,42.34,42.34,345368
8/24/2020,42.48,42.889999,42.23,42.619999,42.619999,294731
8/25/2020,42.360001,43.57,42.310001,43.349998,43.349998,330800
8/26/2020,43.389999,43.779999,43,43.389999,43.389999,262243
8/27/2020,43.450001,43.5,42.360001,43.040001,43.040001,320968
8/28/2020,42.98,43.419998,42.689999,42.970001,42.970001,272800
8/31/2020,42.91,43.57,42.560001,42.610001,42.610001,236877
9/1/2020,42.830002,43.43,42.720001,42.759998,42.759998,285146
9/2/2020,43.02,43.209999,41.23,41.509998,41.509998,421771
9/3/2020,41.630001,41.790001,40.220001,41.369999,41.369999,417634
9/4/2020,41.25,41.869999,39.349998,39.77,39.77,444184
9/8/2020,39.48,39.59,36.130001,36.759998,36.759998,720975
9/9/2020,36.790001,38.450001,36.16,38.049999,38.049999,455356
9/10/2020,37.799999,38.18,36.93,37.299999,37.299999,367555
9/11/2020,37.009998,37.82,36.669998,37.330002,37.330002,363787
9/14/2020,37.32,37.68,36.82,37.259998,37.259998,347563
9/15/2020,37.279999,38.57,37.060001,38.279999,38.279999,348861
9/16/2020,38.349998,40.34,38.349998,40.16,40.16,367612
9/17/2020,40.189999,41.220001,39.419998,40.970001,40.970001,280669
9/18/2020,40.970001,41.490002,40.299999,41.110001,41.110001,85906
9/21/2020,40.98,41.27,38.66,39.310001,39.310001,66195
9/22/2020,39.630001,40.02,39,39.599998,39.599998,287807
9/23/2020,39.759998,40.75,39.259998,39.93,39.93,318754
9/24/2020,39.599998,40.369999,39.119999,40.310001,40.310001,269992
9/25/2020,40.150002,40.639999,39.709999,40.25,40.25,229025
9/28/2020,40.07,40.799999,39.779999,40.599998,40.599998,226425
9/29/2020,40.580002,40.700001,38.41,39.290001,39.290001,379599
9/30/2020,39.16,40.369999,38.68,40.220001,40.220001,340294
10/1/2020,39.900002,40.470001,37.610001,38.720001,38.720001,443442
10/2/2020,38.599998,38.650002,36.630001,37.049999,37.049999,391428
10/5/2020,37,39.720001,37,39.220001,39.220001,378579
10/6/2020,39.349998,40.860001,39.099998,40.669998,40.669998,400531
10/7/2020,39.830002,40.349998,39.279999,39.950001,39.950001,433065
10/8/2020,39.990002,41.330002,39.759998,41.189999,41.189999,409787
10/9/2020,41.310001,41.470001,40.380001,40.599998,40.599998,331703
10/12/2020,40.400002,40.450001,39.040001,39.43,39.43,322035
10/13/2020,39.529999,40.529999,39.349998,40.200001,40.200001,375470
10/14/2020,40.189999,41.16,39.82,41.040001,41.040001,328295
10/15/2020,41.130001,41.290001,39.220001,40.959999,40.959999,248251
10/16/2020,40.880001,41.049999,40.080002,40.880001,40.880001,96488
10/19/2020,40.689999,41.220001,40.540001,40.830002,40.830002,75335
10/20/2020,40.650002,41.700001,40.25,41.459999,41.459999,360574
10/21/2020,41.220001,41.59,39.779999,40.029999,40.029999,366899
10/22/2020,40.040001,41.02,39.709999,40.639999,40.639999,307494
10/23/2020,40.610001,40.919998,39.57,39.849998,39.849998,268931
10/26/2020,39.689999,39.740002,38.279999,38.560001,38.560001,360184
10/27/2020,38.59,39.830002,38.509998,39.57,39.57,339535
10/28/2020,38.970001,39.009998,36.970001,37.389999,37.389999,489954
10/29/2020,37.389999,37.759998,34.919998,36.169998,36.169998,568816
10/30/2020,36.07,36.599998,35.209999,35.790001,35.790001,388971
11/2/2020,35.240002,37.150002,33.639999,36.810001,36.810001,489204
11/3/2020,37.029999,38.32,36.57,37.66,37.66,410611
11/4/2020,38.150002,39.25,37.259998,39.150002,39.150002,437000
11/5/2020,39.169998,39.349998,38.27,38.790001,38.790001,298366
11/6/2020,38.540001,38.610001,37.060001,37.139999,37.139999,411026
11/9/2020,37.34,41.330002,37.16,40.290001,40.290001,622921
11/10/2020,39.91,41.84,39.41,41.360001,41.360001,457045
11/11/2020,41.790001,43.060001,41.32,41.450001,41.450001,443772
11/12/2020,41.470001,42.189999,40.869999,41.119999,41.119999,401031
11/13/2020,40.939999,40.939999,40.060001,40.130001,40.130001,338187
11/16/2020,40.169998,42.09,40.150002,41.34,41.34,378785
11/17/2020,41.439999,41.689999,40.57,41.43,41.43,243677
11/18/2020,41.349998,42.459999,41.080002,41.82,41.82,107013
11/19/2020,41.610001,41.98,41.080002,41.740002,41.740002,88144
11/20/2020,41.700001,42.32,41.509998,42.150002,42.150002,276340
11/23/2020,42.459999,43.360001,42.290001,43.060001,43.060001,300717
11/24/2020,42.84,45.200001,42.82,44.91,44.91,418527
11/25/2020,44.82,46.259998,44.73,45.709999,45.709999,417182
11/27/2020,null,null,null,null,null,null
11/30/2020,45.34,45.799999,44.419998,45.34,45.34,370755
12/1/2020,45.080002,45.700001,44.119999,44.549999,44.549999,314919
12/2/2020,44.380001,45.919998,43.919998,45.279999,45.279999,368854
12/3/2020,44.990002,45.84,44.66,45.639999,45.639999,350768
12/4/2020,45.639999,46.68,45.610001,46.259998,46.259998,335453
12/7/2020,46.150002,46.540001,45.360001,45.759998,45.759998,348871
12/8/2020,45.66,45.93,45.139999,45.599998,45.599998,332641
12/9/2020,45.599998,46.240002,44.950001,45.52,45.52,434976
12/10/2020,45.689999,47.740002,45.52,46.779999,46.779999,447529
12/11/2020,46.970001,47.290001,46.34,46.57,46.57,367305
12/14/2020,46.73,47.439999,45.689999,46.990002,46.990002,403543
12/15/2020,46.990002,47.73,46.540001,47.619999,47.619999,311169
12/16/2020,47.599998,47.939999,47.169998,47.82,47.82,275331
12/17/2020,47.849998,48.59,47.810001,48.360001,48.360001,96536
12/18/2020,48.43,49.279999,48.099998,49.099998,49.099998,83711
12/21/2020,48.540001,48.610001,46.18,47.740002,47.740002,478098
12/22/2020,47.93,47.959999,46.599998,47.02,47.02,295737
12/23/2020,46.790001,48.5,46.16,48.119999,48.119999,344306
12/24/2020,null,null,null,null,null,null
12/28/2020,48.23,48.959999,47.5,47.619999,47.619999,238462
12/29/2020,47.720001,48.349998,47.68,48,48,213778
12/30/2020,48.130001,48.66,47.610001,48.400002,48.400002,266957
12/31/2020,48.349998,48.580002,47.77,48.52,48.52,181894
1/4/2021,48.400002,49.830002,47.18,47.619999,47.619999,528525
1/5/2021,47.380001,50.200001,47.240002,49.93,49.93,643191
1/6/2021,49.82,50.939999,49.48,50.630001,50.630001,509365
1/7/2021,50.529999,51.279999,50.389999,50.830002,50.830002,369292
1/8/2021,50.93,52.75,50.810001,52.240002,52.240002,499416
1/11/2021,52.580002,52.700001,51.5,52.25,52.25,394822
1/12/2021,52.18,53.450001,52.07,53.209999,53.209999,400200
1/13/2021,53.310001,53.93,52.580002,52.91,52.91,429898
1/14/2021,52.84,53.75,52.240002,53.57,53.57,390087
1/15/2021,53.799999,53.830002,51.830002,52.360001,52.360001,165668
1/19/2021,52,53.130001,51.759998,52.98,52.98,125964
1/20/2021,53.130001,53.790001,53.049999,53.240002,53.240002,400301
1/21/2021,52.93,53.41,52.75,53.130001,53.130001,352397
1/22/2021,53.099998,53.16,51.439999,52.27,52.27,437484
1/25/2021,52.169998,52.950001,51.82,52.77,52.77,349076
1/26/2021,52.91,53.25,52.290001,52.610001,52.610001,314538
1/27/2021,52.759998,53.299999,51.849998,52.849998,52.849998,442376
1/28/2021,52.650002,53.580002,52.040001,52.34,52.34,411406
1/29/2021,52.150002,53.25,51.93,52.200001,52.200001,410914
2/1/2021,51.990002,53.740002,51.639999,53.549999,53.549999,416067
2/2/2021,53.48,55.259998,53.450001,54.759998,54.759998,463718
2/3/2021,55.049999,56.330002,54.810001,55.689999,55.689999,448693
2/4/2021,55.959999,56.580002,55.299999,56.23,56.23,381404
2/5/2021,56.459999,57.290001,56.43,56.849998,56.849998,400833
2/8/2021,57.060001,58.139999,57,57.970001,57.970001,399724
2/9/2021,58.110001,58.619999,57.27,58.360001,58.360001,514698
2/10/2021,58.450001,58.91,58.080002,58.68,58.68,457535
2/11/2021,58.400002,58.709999,57.84,58.240002,58.240002,380445
2/12/2021,57.939999,59.82,57.41,59.470001,59.470001,480822
2/16/2021,59.98,60.950001,59.330002,60.049999,60.049999,602332
2/17/2021,60.240002,61.73,59.43,61.139999,61.139999,335419
2/18/2021,61.68,62.259998,59.790001,60.52,60.52,132035
2/19/2021,60.200001,60.290001,58.59,59.240002,59.240002,102427
2/22/2021,58.880001,61.84,58.82,61.490002,61.490002,505773
2/23/2021,62.16,63,60.669998,61.669998,61.669998,570677
2/24/2021,61.290001,63.509998,60.970001,63.220001,63.220001,489933
2/25/2021,63.389999,63.810001,62.650002,63.529999,63.529999,510357
2/26/2021,63.459999,63.57,61.34,61.5,61.5,472723
3/1/2021,61.950001,62.919998,59.959999,60.639999,60.639999,456679
3/2/2021,60.23,61.209999,59.380001,59.75,59.75,464133
3/3/2021,59.549999,61.990002,59.240002,61.279999,61.279999,465311
3/4/2021,61.080002,64.860001,60.52,63.830002,63.830002,694628
3/5/2021,64.160004,66.419998,63.82,66.089996,66.089996,573168
3/8/2021,66.68,67.980003,64.57,65.050003,65.050003,533376
3/9/2021,64.730003,65.980003,63.630001,64.010002,64.010002,554564
3/10/2021,63.84,64.959999,63.130001,64.440002,64.440002,498488
3/11/2021,64.699997,66.209999,64.540001,66.019997,66.019997,441063
3/12/2021,65.959999,66.239998,65.410004,65.610001,65.610001,441063
3/15/2021,65.559998,66.400002,64.129997,65.389999,65.389999,378009
3/16/2021,65.330002,65.43,63.799999,64.800003,64.800003,317537
3/17/2021,64.75,65.339996,63.599998,64.599998,64.599998,254724
3/18/2021,64.419998,64.82,58.200001,60,60,143597
